Reaction,Plate_Number,Well,Injection_Numbers,Sheet_Number,Reactant,RT,Peak AP,Peak Area,Peak RT,Time
NB-0001-001,D2F,A1,1,0,3,3,0.62,52000.0,3.012,1
NB-0001-001,D2F,A1,1,0,5,5,0.02,1500.0,5.018,1
NB-0001-073,D2F,A10,1,0,3,3,0.01,600.0,3.006,10
NB-0001-073,D2F,A10,1,0,5,5,0.52,42000.0,5.02,10
NB-0001-081,D2F,A11,1,0,3,3,0.01,520.0,3.002,11
NB-0001-081,D2F,A11,1,0,5,5,0.53,42900.0,5.018,11
NB-0001-089,D2F,A12,1,0,3,3,0.01,500.0,3.001,12
NB-0001-089,D2F,A12,1,0,5,5,0.54,44000.0,5.017,12
NB-0001-009,D2F,A2,1,0,3,3,0.61,51500.0,3.014,2
NB-0001-009,D2F,A2,1,0,5,5,0.02,1900.0,5.019,2
NB-0001-017,D2F,A3,1,0,3,3,0.48,41000.0,3.011,3
NB-0001-017,D2F,A3,1,0,5,5,0.08,6500.0,5.021,3
NB-0001-025,D2F,A4,1,0,3,3,0.36,32000.0,3.013,4
NB-0001-025,D2F,A4,1,0,5,5,0.14,12000.0,5.021,4
NB-0001-033,D2F,A5,1,0,3,3,0.35,31800.0,3.015,5
NB-0001-033,D2F,A5,1,0,5,5,0.15,13200.0,5.021,5
NB-0001-041,D2F,A6,1,0,3,3,0.2,17500.0,3.011,6
NB-0001-041,D2F,A6,1,0,5,5,0.27,23500.0,5.018,6
NB-0001-049,D2F,A7,1,0,3,3,0.11,9000.0,3.013,7
NB-0001-049,D2F,A7,1,0,5,5,0.37,31000.0,5.02,7
NB-0001-057,D2F,A8,1,0,3,3,0.1,8600.0,3.015,8
NB-0001-057,D2F,A8,1,0,5,5,0.39,32000.0,5.022,8
NB-0001-065,D2F,A9,1,0,3,3,0.02,1800.0,2.999,9
NB-0001-065,D2F,A9,1,0,5,5,0.49,40000.0,5.016,9
NB-0001-002,D2F,B1,1,0,3,3,0.6,50500.0,3.009,1
NB-0001-002,D2F,B1,1,0,5,5,0.03,2100.0,5.022,1
NB-0001-074,D2F,B10,1,0,3,3,0.01,500.0,3.002,10
NB-0001-074,D2F,B10,1,0,5,5,0.53,43200.0,5.018,10
NB-0001-082,D2F,B11,1,0,3,3,0.01,460.0,2.998,11
NB-0001-082,D2F,B11,1,0,5,5,0.55,44100.0,5.02,11
NB-0001-090,D2F,B12,1,0,3,3,0.01,600.0,3.005,12
NB-0001-090,D2F,B12,1,0,5,5,0.53,43000.0,5.02,12
NB-0001-010,D2F,B2,1,0,3,3,0.6,50200.0,3.009,2
NB-0001-010,D2F,B2,1,0,5,5,0.03,2300.0,5.023,2
NB-0001-018,D2F,B3,1,0,3,3,0.5,42500.0,3.014,3
NB-0001-018,D2F,B3,1,0,5,5,0.07,5900.0,5.019,3
NB-0001-026,D2F,B4,1,0,3,3,0.35,30500.0,3.011,4
NB-0001-026,D2F,B4,1,0,5,5,0.15,13200.0,5.018,4
NB-0001-034,D2F,B5,1,0,3,3,0.33,29600.0,3.012,5
NB-0001-034,D2F,B5,1,0,5,5,0.16,14500.0,5.018,5
NB-0001-042,D2F,B6,1,0,3,3,0.21,18800.0,3.014,6
NB-0001-042,D2F,B6,1,0,5,5,0.26,22500.0,5.02,6
NB-0001-050,D2F,B7,1,0,3,3,0.1,8200.0,3.011,7
NB-0001-050,D2F,B7,1,0,5,5,0.39,32500.0,5.019,7
NB-0001-058,D2F,B8,1,0,3,3,0.09,7400.0,3.012,8
NB-0001-058,D2F,B8,1,0,5,5,0.41,33600.0,5.019,8
NB-0001-066,D2F,B9,1,0,3,3,0.03,2300.0,3.003,9
NB-0001-066,D2F,B9,1,0,5,5,0.46,38200.0,5.021,9
NB-0001-003,D2F,C1,1,0,3,3,0.61,51500.0,3.015,1
NB-0001-003,D2F,C1,1,0,5,5,0.02,1800.0,5.016,1
NB-0001-075,D2F,C10,1,0,3,3,0.01,550.0,3.004,10
NB-0001-075,D2F,C10,1,0,5,5,0.52,42600.0,5.023,10
NB-0001-083,D2F,C11,1,0,3,3,0.01,550.0,3.004,11
NB-0001-083,D2F,C11,1,0,5,5,0.54,43300.0,5.017,11
NB-0001-091,D2F,C12,1,0,3,3,0.01,520.0,3.002,12
NB-0001-091,D2F,C12,1,0,5,5,0.54,43800.0,5.016,12
NB-0001-011,D2F,C2,1,0,3,3,0.61,50800.0,3.013,2
NB-0001-011,D2F,C2,1,0,5,5,0.02,1750.0,5.016,2
NB-0001-019,D2F,C3,1,0,3,3,0.51,43200.0,3.013,3
NB-0001-019,D2F,C3,1,0,5,5,0.07,5600.0,5.023,3
NB-0001-027,D2F,C4,1,0,3,3,0.37,33000.0,3.016,4
NB-0001-027,D2F,C4,1,0,5,5,0.13,11800.0,5.023,4
NB-0001-035,D2F,C5,1,0,3,3,0.34,30800.0,3.014,5
NB-0001-035,D2F,C5,1,0,5,5,0.15,13800.0,5.02,5
NB-0001-043,D2F,C6,1,0,3,3,0.22,19800.0,3.013,6
NB-0001-043,D2F,C6,1,0,5,5,0.24,21600.0,5.023,6
NB-0001-051,D2F,C7,1,0,3,3,0.11,9500.0,3.016,7
NB-0001-051,D2F,C7,1,0,5,5,0.37,30500.0,5.023,7
NB-0001-059,D2F,C8,1,0,3,3,0.1,8300.0,3.014,8
NB-0001-059,D2F,C8,1,0,5,5,0.4,32500.0,5.021,8
NB-0001-067,D2F,C9,1,0,3,3,0.03,2100.0,2.997,9
NB-0001-067,D2F,C9,1,0,5,5,0.48,39400.0,5.018,9
NB-0001-004,D2F,D1,1,0,3,3,0.64,53000.0,3.008,1
NB-0001-004,D2F,D1,1,0,5,5,0.01,1200.0,5.019,1
NB-0001-076,D2F,D10,1,0,3,3,0.01,480.0,3.001,10
NB-0001-076,D2F,D10,1,0,5,5,0.54,43800.0,5.017,10
NB-0001-084,D2F,D11,1,0,3,3,0.01,490.0,3.001,11
NB-0001-084,D2F,D11,1,0,5,5,0.55,43900.0,5.023,11
NB-0001-092,D2F,D12,1,0,3,3,0.01,470.0,2.999,12
NB-0001-092,D2F,D12,1,0,5,5,0.55,44400.0,5.022,12
NB-0001-012,D2F,D2,1,0,3,3,0.63,52200.0,3.012,2
NB-0001-012,D2F,D2,1,0,5,5,0.02,1350.0,5.02,2
NB-0001-020,D2F,D3,1,0,3,3,0.49,42000.0,3.01,3
NB-0001-020,D2F,D3,1,0,5,5,0.07,6100.0,5.016,3
NB-0001-028,D2F,D4,1,0,3,3,0.36,31500.0,3.012,4
NB-0001-028,D2F,D4,1,0,5,5,0.14,12500.0,5.017,4
NB-0001-036,D2F,D5,1,0,3,3,0.34,30200.0,3.011,5
NB-0001-036,D2F,D5,1,0,5,5,0.16,14100.0,5.017,5
NB-0001-044,D2F,D6,1,0,3,3,0.2,18000.0,3.009,6
NB-0001-044,D2F,D6,1,0,5,5,0.27,23200.0,5.017,6
NB-0001-052,D2F,D7,1,0,3,3,0.1,8800.0,3.012,7
NB-0001-052,D2F,D7,1,0,5,5,0.38,31500.0,5.018,7
NB-0001-060,D2F,D8,1,0,3,3,0.09,7900.0,3.011,8
NB-0001-060,D2F,D8,1,0,5,5,0.41,33300.0,5.018,8
NB-0001-068,D2F,D9,1,0,3,3,0.02,1900.0,3.0,9
NB-0001-068,D2F,D9,1,0,5,5,0.49,40400.0,5.023,9
NB-0001-005,D2F,E1,1,0,3,3,0.6,49800.0,3.011,1
NB-0001-005,D2F,E1,1,0,5,5,0.03,2500.0,5.021,1
NB-0001-077,D2F,E10,1,0,3,3,0.01,520.0,3.003,10
NB-0001-077,D2F,E10,1,0,5,5,0.53,43000.0,5.021,10
NB-0001-085,D2F,E11,1,0,3,3,0.01,580.0,3.003,11
NB-0001-085,D2F,E11,1,0,5,5,0.52,42800.0,5.019,11
NB-0001-093,D2F,E12,1,0,3,3,0.01,560.0,3.003,12
NB-0001-093,D2F,E12,1,0,5,5,0.54,43500.0,5.018,12
NB-0001-013,D2F,E2,1,0,3,3,0.51,43000.0,3.013,2
NB-0001-013,D2F,E2,1,0,5,5,0.06,5200.0,5.02,2
NB-0001-021,D2F,E3,1,0,3,3,0.51,43800.0,3.015,3
NB-0001-021,D2F,E3,1,0,5,5,0.07,5700.0,5.02,3
NB-0001-029,D2F,E4,1,0,3,3,0.33,29200.0,3.01,4
NB-0001-029,D2F,E4,1,0,5,5,0.16,14200.0,5.022,4
NB-0001-037,D2F,E5,1,0,3,3,0.22,19500.0,3.013,5
NB-0001-037,D2F,E5,1,0,5,5,0.24,21500.0,5.019,5
NB-0001-045,D2F,E6,1,0,3,3,0.21,19200.0,3.015,6
NB-0001-045,D2F,E6,1,0,5,5,0.25,22200.0,5.02,6
NB-0001-053,D2F,E7,1,0,3,3,0.09,7600.0,3.01,7
NB-0001-053,D2F,E7,1,0,5,5,0.41,33200.0,5.021,7
NB-0001-061,D2F,E8,1,0,3,3,0.03,2200.0,2.998,8
NB-0001-061,D2F,E8,1,0,5,5,0.46,38000.0,5.019,8
NB-0001-069,D2F,E9,1,0,3,3,0.03,2250.0,3.002,9
NB-0001-069,D2F,E9,1,0,5,5,0.46,38600.0,5.019,9
NB-0001-006,D2F,F1,1,0,3,3,0.62,51000.0,3.013,1
NB-0001-006,D2F,F1,1,0,5,5,0.02,1700.0,5.017,1
NB-0001-078,D2F,F10,1,0,3,3,0.01,450.0,2.999,10
NB-0001-078,D2F,F10,1,0,5,5,0.55,44000.0,5.019,10
NB-0001-086,D2F,F11,1,0,3,3,0.01,520.0,3.0,11
NB-0001-086,D2F,F11,1,0,5,5,0.53,43700.0,5.021,11
NB-0001-094,D2F,F12,1,0,3,3,0.01,510.0,3.0,12
NB-0001-094,D2F,F12,1,0,5,5,0.55,44200.0,5.021,12
NB-0001-014,D2F,F2,1,0,3,3,0.49,41800.0,3.01,2
NB-0001-014,D2F,F2,1,0,5,5,0.07,6000.0,5.018,2
NB-0001-022,D2F,F3,1,0,3,3,0.48,41500.0,3.012,3
NB-0001-022,D2F,F3,1,0,5,5,0.07,6400.0,5.018,3
NB-0001-030,D2F,F4,1,0,3,3,0.35,31000.0,3.014,4
NB-0001-030,D2F,F4,1,0,5,5,0.15,13600.0,5.019,4
NB-0001-038,D2F,F5,1,0,3,3,0.2,18200.0,3.01,5
NB-0001-038,D2F,F5,1,0,5,5,0.26,22800.0,5.022,5
NB-0001-046,D2F,F6,1,0,3,3,0.2,17800.0,3.012,6
NB-0001-046,D2F,F6,1,0,5,5,0.27,23800.0,5.018,6
NB-0001-054,D2F,F7,1,0,3,3,0.1,8400.0,3.014,7
NB-0001-054,D2F,F7,1,0,5,5,0.39,32200.0,5.017,7
NB-0001-062,D2F,F8,1,0,3,3,0.03,2000.0,3.001,8
NB-0001-062,D2F,F8,1,0,5,5,0.48,39200.0,5.022,8
NB-0001-070,D2F,F9,1,0,3,3,0.03,2000.0,2.999,9
NB-0001-070,D2F,F9,1,0,5,5,0.48,39800.0,5.016,9
NB-0001-007,D2F,G1,1,0,3,3,0.59,49000.0,3.01,1
NB-0001-007,D2F,G1,1,0,5,5,0.03,2800.0,5.02,1
NB-0001-079,D2F,G10,1,0,3,3,0.01,580.0,3.005,10
NB-0001-079,D2F,G10,1,0,5,5,0.52,42500.0,5.016,10
NB-0001-087,D2F,G11,1,0,3,3,0.01,480.0,2.997,11
NB-0001-087,D2F,G11,1,0,5,5,0.54,44500.0,5.018,11
NB-0001-095,D2F,G12,1,0,3,3,0.01,480.0,2.997,12
NB-0001-095,D2F,G12,1,0,5,5,0.56,44800.0,5.017,12
NB-0001-015,D2F,G2,1,0,3,3,0.52,43500.0,3.016,2
NB-0001-015,D2F,G2,1,0,5,5,0.06,5400.0,5.022,2
NB-0001-023,D2F,G3,1,0,3,3,0.5,42800.0,3.014,3
NB-0001-023,D2F,G3,1,0,5,5,0.07,6000.0,5.021,3
NB-0001-031,D2F,G4,1,0,3,3,0.36,32500.0,3.013,4
NB-0001-031,D2F,G4,1,0,5,5,0.14,12700.0,5.02,4
NB-0001-039,D2F,G5,1,0,3,3,0.23,20500.0,3.016,5
NB-0001-039,D2F,G5,1,0,5,5,0.24,21200.0,5.017,5
NB-0001-047,D2F,G6,1,0,3,3,0.21,18600.0,3.014,6
NB-0001-047,D2F,G6,1,0,5,5,0.26,23000.0,5.021,6
NB-0001-055,D2F,G7,1,0,3,3,0.11,9100.0,3.013,7
NB-0001-055,D2F,G7,1,0,5,5,0.38,31200.0,5.02,7
NB-0001-063,D2F,G8,1,0,3,3,0.03,2400.0,2.996,8
NB-0001-063,D2F,G8,1,0,5,5,0.45,37500.0,5.017,8
NB-0001-071,D2F,G9,1,0,3,3,0.03,2150.0,3.003,9
NB-0001-071,D2F,G9,1,0,5,5,0.47,39000.0,5.022,9
NB-0001-008,D2F,H1,1,0,3,3,0.63,52500.0,3.016,1
NB-0001-008,D2F,H1,1,0,5,5,0.02,1400.0,5.018,1
NB-0001-080,D2F,H10,1,0,3,3,0.01,470.0,3.0,10
NB-0001-080,D2F,H10,1,0,5,5,0.54,43700.0,5.022,10
NB-0001-088,D2F,H11,1,0,3,3,0.01,550.0,3.004,11
NB-0001-088,D2F,H11,1,0,5,5,0.52,43200.0,5.023,11
NB-0001-096,D2F,H12,1,0,3,3,0.01,590.0,3.004,12
NB-0001-096,D2F,H12,1,0,5,5,0.54,43600.0,5.02,12
NB-0001-016,D2F,H2,1,0,3,3,0.52,44200.0,3.012,2
NB-0001-016,D2F,H2,1,0,5,5,0.06,5100.0,5.017,2
NB-0001-024,D2F,H3,1,0,3,3,0.49,42200.0,3.011,3
NB-0001-024,D2F,H3,1,0,5,5,0.07,6200.0,5.017,3
NB-0001-032,D2F,H4,1,0,3,3,0.34,30000.0,3.009,4
NB-0001-032,D2F,H4,1,0,5,5,0.16,13900.0,5.016,4
NB-0001-040,D2F,H5,1,0,3,3,0.22,19000.0,3.012,5
NB-0001-040,D2F,H5,1,0,5,5,0.25,22000.0,5.021,5
NB-0001-048,D2F,H6,1,0,3,3,0.2,18200.0,3.011,6
NB-0001-048,D2F,H6,1,0,5,5,0.27,23400.0,5.016,6
NB-0001-056,D2F,H7,1,0,3,3,0.09,7800.0,3.009,7
NB-0001-056,D2F,H7,1,0,5,5,0.41,33000.0,5.016,7
NB-0001-064,D2F,H8,1,0,3,3,0.03,2100.0,3.004,8
NB-0001-064,D2F,H8,1,0,5,5,0.47,38800.0,5.02,8
NB-0001-072,D2F,H9,1,0,3,3,0.03,2050.0,2.998,9
NB-0001-072,D2F,H9,1,0,5,5,0.49,40200.0,5.017,9
NB-0001-001,D2F,A1,1,1,3,3,0.72,52000.0,3.01,1
NB-0001-001,D2F,A1,1,1,5,5,0.07,5000.0,5.018,1
NB-0001-073,D2F,A10,1,1,3,3,0.19,15000.0,3.004,10
NB-0001-073,D2F,A10,1,1,5,5,0.57,45000.0,5.02,10
NB-0001-081,D2F,A11,1,1,3,3,0.18,14900.0,3.001,11
NB-0001-081,D2F,A11,1,1,5,5,0.58,45900.0,5.018,11
NB-0001-089,D2F,A12,1,1,3,3,0.18,14900.0,3.001,12
NB-0001-089,D2F,A12,1,1,5,5,0.58,45900.0,5.017,12
NB-0001-009,D2F,A2,1,1,3,3,0.72,52600.0,3.014,2
NB-0001-009,D2F,A2,1,1,5,5,0.07,5000.0,5.021,2
NB-0001-017,D2F,A3,1,1,3,3,0.61,45000.0,3.011,3
NB-0001-017,D2F,A3,1,1,5,5,0.14,10500.0,5.018,3
NB-0001-025,D2F,A4,1,1,3,3,0.54,41000.0,3.013,4
NB-0001-025,D2F,A4,1,1,5,5,0.2,15000.0,5.019,4
NB-0001-033,D2F,A5,1,1,3,3,0.55,41800.0,3.015,5
NB-0001-033,D2F,A5,1,1,5,5,0.21,15600.0,5.02,5
NB-0001-041,D2F,A6,1,1,3,3,0.36,28000.0,3.011,6
NB-0001-041,D2F,A6,1,1,5,5,0.44,34000.0,5.018,6
NB-0001-049,D2F,A7,1,1,3,3,0.32,25000.0,3.013,7
NB-0001-049,D2F,A7,1,1,5,5,0.48,37000.0,5.019,7
NB-0001-057,D2F,A8,1,1,3,3,0.33,25800.0,3.015,8
NB-0001-057,D2F,A8,1,1,5,5,0.48,37200.0,5.02,8
NB-0001-065,D2F,A9,1,1,3,3,0.25,19000.0,3.011,9
NB-0001-065,D2F,A9,1,1,5,5,0.57,43000.0,5.018,9
NB-0001-002,D2F,B1,1,1,3,3,0.71,50800.0,3.012,1
NB-0001-002,D2F,B1,1,1,5,5,0.07,5400.0,5.02,1
NB-0001-074,D2F,B10,1,1,3,3,0.18,14500.0,3.001,10
NB-0001-074,D2F,B10,1,1,5,5,0.58,46000.0,5.018,10
NB-0001-082,D2F,B11,1,1,3,3,0.18,14300.0,3.004,11
NB-0001-082,D2F,B11,1,1,5,5,0.59,46700.0,5.02,11
NB-0001-090,D2F,B12,1,1,3,3,0.18,14300.0,3.004,12
NB-0001-090,D2F,B12,1,1,5,5,0.59,46700.0,5.02,12
NB-0001-010,D2F,B2,1,1,3,3,0.68,49800.0,3.008,2
NB-0001-010,D2F,B2,1,1,5,5,0.08,5700.0,5.017,2
NB-0001-018,D2F,B3,1,1,3,3,0.62,46200.0,3.014,3
NB-0001-018,D2F,B3,1,1,5,5,0.13,9800.0,5.02,3
NB-0001-026,D2F,B4,1,1,3,3,0.53,39800.0,3.01,4
NB-0001-026,D2F,B4,1,1,5,5,0.21,16200.0,5.022,4
NB-0001-034,D2F,B5,1,1,3,3,0.52,39600.0,3.012,5
NB-0001-034,D2F,B5,1,1,5,5,0.23,17200.0,5.018,5
NB-0001-042,D2F,B6,1,1,3,3,0.37,29200.0,3.014,6
NB-0001-042,D2F,B6,1,1,5,5,0.43,33000.0,5.02,6
NB-0001-050,D2F,B7,1,1,3,3,0.31,23800.0,3.01,7
NB-0001-050,D2F,B7,1,1,5,5,0.5,38200.0,5.022,7
NB-0001-058,D2F,B8,1,1,3,3,0.3,23600.0,3.012,8
NB-0001-058,D2F,B8,1,1,5,5,0.51,39400.0,5.018,8
NB-0001-066,D2F,B9,1,1,3,3,0.26,20200.0,3.014,9
NB-0001-066,D2F,B9,1,1,5,5,0.55,42000.0,5.02,9
NB-0001-003,D2F,C1,1,1,3,3,0.73,53200.0,3.008,1
NB-0001-003,D2F,C1,1,1,5,5,0.07,4800.0,5.017,1
NB-0001-075,D2F,C10,1,1,3,3,0.19,15500.0,3.003,10
NB-0001-075,D2F,C10,1,1,5,5,0.57,44500.0,5.023,10
NB-0001-083,D2F,C11,1,1,3,3,0.19,15100.0,3.0,11
NB-0001-083,D2F,C11,1,1,5,5,0.58,45500.0,5.017,11
NB-0001-091,D2F,C12,1,1,3,3,0.19,15100.0,3.002,12
NB-0001-091,D2F,C12,1,1,5,5,0.57,45300.0,5.016,12
NB-0001-011,D2F,C2,1,1,3,3,0.7,51300.0,3.012,2
NB-0001-011,D2F,C2,1,1,5,5,0.07,5300.0,5.019,2
NB-0001-019,D2F,C3,1,1,3,3,0.64,47500.0,3.013,3
NB-0001-019,D2F,C3,1,1,5,5,0.12,9200.0,5.023,3
NB-0001-027,D2F,C4,1,1,3,3,0.56,42200.0,3.016,4
NB-0001-027,D2F,C4,1,1,5,5,0.2,14600.0,5.017,4
NB-0001-035,D2F,C5,1,1,3,3,0.54,40800.0,3.014,5
NB-0001-035,D2F,C5,1,1,5,5,0.21,16200.0,5.021,5
NB-0001-043,D2F,C6,1,1,3,3,0.39,30500.0,3.013,6
NB-0001-043,D2F,C6,1,1,5,5,0.41,31800.0,5.023,6
NB-0001-051,D2F,C7,1,1,3,3,0.33,26000.0,3.016,7
NB-0001-051,D2F,C7,1,1,5,5,0.47,36000.0,5.017,7
NB-0001-059,D2F,C8,1,1,3,3,0.31,24800.0,3.014,8
NB-0001-059,D2F,C8,1,1,5,5,0.5,38200.0,5.021,8
NB-0001-067,D2F,C9,1,1,3,3,0.27,21500.0,3.013,9
NB-0001-067,D2F,C9,1,1,5,5,0.54,40800.0,5.023,9
NB-0001-004,D2F,D1,1,1,3,3,0.69,50200.0,3.011,1
NB-0001-004,D2F,D1,1,1,5,5,0.08,5600.0,5.021,1
NB-0001-076,D2F,D10,1,1,3,3,0.18,14000.0,2.999,10
NB-0001-076,D2F,D10,1,1,5,5,0.59,47000.0,5.017,10
NB-0001-084,D2F,D11,1,1,3,3,0.18,14700.0,3.003,11
NB-0001-084,D2F,D11,1,1,5,5,0.59,46500.0,5.023,11
NB-0001-092,D2F,D12,1,1,3,3,0.18,14500.0,3.0,12
NB-0001-092,D2F,D12,1,1,5,5,0.58,46300.0,5.022,12
NB-0001-012,D2F,D2,1,1,3,3,0.71,52000.0,3.011,2
NB-0001-012,D2F,D2,1,1,5,5,0.07,5100.0,5.02,2
NB-0001-020,D2F,D3,1,1,3,3,0.62,46000.0,3.009,3
NB-0001-020,D2F,D3,1,1,5,5,0.14,10200.0,5.017,3
NB-0001-028,D2F,D4,1,1,3,3,0.54,40500.0,3.012,4
NB-0001-028,D2F,D4,1,1,5,5,0.21,15500.0,5.021,4
NB-0001-036,D2F,D5,1,1,3,3,0.53,40200.0,3.011,5
NB-0001-036,D2F,D5,1,1,5,5,0.22,16800.0,5.016,5
NB-0001-044,D2F,D6,1,1,3,3,0.36,28500.0,3.009,6
NB-0001-044,D2F,D6,1,1,5,5,0.44,33800.0,5.017,6
NB-0001-052,D2F,D7,1,1,3,3,0.32,24500.0,3.012,7
NB-0001-052,D2F,D7,1,1,5,5,0.49,37500.0,5.021,7
NB-0001-060,D2F,D8,1,1,3,3,0.31,24200.0,3.011,8
NB-0001-060,D2F,D8,1,1,5,5,0.51,38800.0,5.016,8
NB-0001-068,D2F,D9,1,1,3,3,0.25,20000.0,3.009,9
NB-0001-068,D2F,D9,1,1,5,5,0.56,42300.0,5.017,9
NB-0001-005,D2F,E1,1,1,3,3,0.71,51500.0,3.015,1
NB-0001-005,D2F,E1,1,1,5,5,0.07,5200.0,5.016,1
NB-0001-077,D2F,E10,1,1,3,3,0.18,14800.0,3.002,10
NB-0001-077,D2F,E10,1,1,5,5,0.58,45800.0,5.021,10
NB-0001-085,D2F,E11,1,1,3,3,0.19,15000.0,3.002,11
NB-0001-085,D2F,E11,1,1,5,5,0.58,45800.0,5.019,11
NB-0001-093,D2F,E12,1,1,3,3,0.18,14800.0,3.003,12
NB-0001-093,D2F,E12,1,1,5,5,0.58,46000.0,5.018,12
NB-0001-013,D2F,E2,1,1,3,3,0.64,47000.0,3.013,2
NB-0001-013,D2F,E2,1,1,5,5,0.12,9000.0,5.019,2
NB-0001-021,D2F,E3,1,1,3,3,0.64,47800.0,3.015,3
NB-0001-021,D2F,E3,1,1,5,5,0.12,9300.0,5.02,3
NB-0001-029,D2F,E4,1,1,3,3,0.52,39000.0,3.011,4
NB-0001-029,D2F,E4,1,1,5,5,0.23,17000.0,5.018,4
NB-0001-037,D2F,E5,1,1,3,3,0.38,30000.0,3.013,5
NB-0001-037,D2F,E5,1,1,5,5,0.41,32000.0,5.019,5
NB-0001-045,D2F,E6,1,1,3,3,0.38,29800.0,3.015,6
NB-0001-045,D2F,E6,1,1,5,5,0.42,32600.0,5.02,6
NB-0001-053,D2F,E7,1,1,3,3,0.3,23000.0,3.011,7
NB-0001-053,D2F,E7,1,1,5,5,0.51,39000.0,5.018,7
NB-0001-061,D2F,E8,1,1,3,3,0.27,21000.0,3.013,8
NB-0001-061,D2F,E8,1,1,5,5,0.54,41000.0,5.019,8
NB-0001-069,D2F,E9,1,1,3,3,0.27,21800.0,3.015,9
NB-0001-069,D2F,E9,1,1,5,5,0.54,41200.0,5.02,9
NB-0001-006,D2F,F1,1,1,3,3,0.68,49200.0,3.009,1
NB-0001-006,D2F,F1,1,1,5,5,0.08,5800.0,5.019,1
NB-0001-078,D2F,F10,1,1,3,3,0.18,14200.0,3.004,10
NB-0001-078,D2F,F10,1,1,5,5,0.59,46800.0,5.019,10
NB-0001-086,D2F,F11,1,1,3,3,0.18,14400.0,3.004,11
NB-0001-086,D2F,F11,1,1,5,5,0.59,46600.0,5.021,11
NB-0001-094,D2F,F12,1,1,3,3,0.19,15000.0,3.001,12
NB-0001-094,D2F,F12,1,1,5,5,0.58,45800.0,5.021,12
NB-0001-014,D2F,F2,1,1,3,3,0.62,45800.0,3.01,2
NB-0001-014,D2F,F2,1,1,5,5,0.13,9800.0,5.022,2
NB-0001-022,D2F,F3,1,1,3,3,0.62,45600.0,3.012,3
NB-0001-022,D2F,F3,1,1,5,5,0.14,10400.0,5.018,3
NB-0001-030,D2F,F4,1,1,3,3,0.54,40200.0,3.014,4
NB-0001-030,D2F,F4,1,1,5,5,0.21,16000.0,5.02,4
NB-0001-038,D2F,F5,1,1,3,3,0.36,28800.0,3.01,5
NB-0001-038,D2F,F5,1,1,5,5,0.43,33500.0,5.022,5
NB-0001-046,D2F,F6,1,1,3,3,0.36,28200.0,3.012,6
NB-0001-046,D2F,F6,1,1,5,5,0.44,34200.0,5.018,6
NB-0001-054,D2F,F7,1,1,3,3,0.31,24200.0,3.014,7
NB-0001-054,D2F,F7,1,1,5,5,0.49,38000.0,5.02,7
NB-0001-062,D2F,F8,1,1,3,3,0.25,19800.0,3.01,8
NB-0001-062,D2F,F8,1,1,5,5,0.56,42200.0,5.022,8
NB-0001-070,D2F,F9,1,1,3,3,0.25,19600.0,3.012,9
NB-0001-070,D2F,F9,1,1,5,5,0.57,43400.0,5.018,9
NB-0001-007,D2F,G1,1,1,3,3,0.72,52200.0,3.013,1
NB-0001-007,D2F,G1,1,1,5,5,0.07,5000.0,5.022,1
NB-0001-079,D2F,G10,1,1,3,3,0.19,15200.0,3.0,10
NB-0001-079,D2F,G10,1,1,5,5,0.57,45200.0,5.016,10
NB-0001-087,D2F,G11,1,1,3,3,0.19,15200.0,3.0,11
NB-0001-087,D2F,G11,1,1,5,5,0.57,45200.0,5.018,11
NB-0001-095,D2F,G12,1,1,3,3,0.18,14400.0,2.999,12
NB-0001-095,D2F,G12,1,1,5,5,0.59,46800.0,5.017,12
NB-0001-015,D2F,G2,1,1,3,3,0.65,48200.0,3.016,2
NB-0001-015,D2F,G2,1,1,5,5,0.12,8600.0,5.017,2
NB-0001-023,D2F,G3,1,1,3,3,0.63,46800.0,3.014,3
NB-0001-023,D2F,G3,1,1,5,5,0.13,9800.0,5.021,3
NB-0001-031,D2F,G4,1,1,3,3,0.55,41500.0,3.013,4
NB-0001-031,D2F,G4,1,1,5,5,0.2,15200.0,5.023,4
NB-0001-039,D2F,G5,1,1,3,3,0.39,31000.0,3.016,5
NB-0001-039,D2F,G5,1,1,5,5,0.4,31500.0,5.017,5
NB-0001-047,D2F,G6,1,1,3,3,0.37,29000.0,3.014,6
NB-0001-047,D2F,G6,1,1,5,5,0.43,33400.0,5.021,6
NB-0001-055,D2F,G7,1,1,3,3,0.33,25500.0,3.013,7
NB-0001-055,D2F,G7,1,1,5,5,0.47,36800.0,5.023,7
NB-0001-063,D2F,G8,1,1,3,3,0.28,22000.0,3.016,8
NB-0001-063,D2F,G8,1,1,5,5,0.53,40000.0,5.017,8
NB-0001-071,D2F,G9,1,1,3,3,0.26,20800.0,3.014,9
NB-0001-071,D2F,G9,1,1,5,5,0.56,42200.0,5.021,9
NB-0001-008,D2F,H1,1,1,3,3,0.71,51000.0,3.01,1
NB-0001-008,D2F,H1,1,1,5,5,0.07,5400.0,5.018,1
NB-0001-080,D2F,H10,1,1,3,3,0.18,14600.0,3.003,10
NB-0001-080,D2F,H10,1,1,5,5,0.58,46200.0,5.022,10
NB-0001-088,D2F,H11,1,1,3,3,0.18,14600.0,3.003,11
NB-0001-088,D2F,H11,1,1,5,5,0.58,46200.0,5.023,11
NB-0001-096,D2F,H12,1,1,3,3,0.19,15200.0,3.004,12
NB-0001-096,D2F,H12,1,1,5,5,0.57,45400.0,5.02,12
NB-0001-016,D2F,H2,1,1,3,3,0.63,46500.0,3.012,2
NB-0001-016,D2F,H2,1,1,5,5,0.13,9400.0,5.021,2
NB-0001-024,D2F,H3,1,1,3,3,0.62,46200.0,3.011,3
NB-0001-024,D2F,H3,1,1,5,5,0.13,10100.0,5.016,3
NB-0001-032,D2F,H4,1,1,3,3,0.53,40000.0,3.009,4
NB-0001-032,D2F,H4,1,1,5,5,0.22,16700.0,5.017,4
NB-0001-040,D2F,H5,1,1,3,3,0.38,29500.0,3.012,5
NB-0001-040,D2F,H5,1,1,5,5,0.42,32500.0,5.021,5
NB-0001-048,D2F,H6,1,1,3,3,0.36,28600.0,3.011,6
NB-0001-048,D2F,H6,1,1,5,5,0.44,33800.0,5.016,6
NB-0001-056,D2F,H7,1,1,3,3,0.31,24000.0,3.009,7
NB-0001-056,D2F,H7,1,1,5,5,0.49,38300.0,5.017,7
NB-0001-064,D2F,H8,1,1,3,3,0.27,20500.0,3.012,8
NB-0001-064,D2F,H8,1,1,5,5,0.55,41500.0,5.021,8
NB-0001-072,D2F,H9,1,1,3,3,0.26,20200.0,3.011,9
NB-0001-072,D2F,H9,1,1,5,5,0.56,42800.0,5.016,9
