sample_name,reaction_type,time,molecule,concentration
NB-116-001,NB-116,0.0,amine,168.0290858
NB-116-002,NB-116,10.0,amine,118.3923251
NB-116-003,NB-116,20.0,amine,87.08078974
NB-116-004,NB-116,30.0,amine,68.78245884
NB-116-005,NB-116,40.0,amine,58.08831501
NB-116-006,NB-116,50.0,amine,45.89175496
NB-116-007,NB-116,60.0,amine,37.65053171
NB-116-008,NB-116,70.0,amine,31.9140303
NB-116-009,NB-116,80.0,amine,26.88936
NB-116-010,NB-116,90.0,amine,22.3586206
NB-116-011,NB-116,100.0,amine,17.5716015
NB-116-012,NB-116,110.0,amine,14.66416591
NB-116-013,NB-116,120.0,amine,10.7569671
NB-116-014,NB-116,130.0,amine,8.635355791
NB-116-015,NB-116,140.0,amine,5.674648042
NB-116-016,NB-116,150.0,amine,3.365859843
NB-116-017,NB-116,160.0,amine,1.719008261
NB-116-018,NB-116,170.0,amine,1.541181268
NB-116-019,NB-116,180.0,amine,0.944037918
NB-116-020,NB-116,190.0,amine,0.788914616
NB-116-021,NB-116,200.0,amine,0.577552791
NB-116-022,NB-116,210.0,amine,0.263296658
NB-116-023,NB-116,220.0,amine,0.0
NB-116-024,NB-116,230.0,amine,0.0
NB-116-025,NB-116,240.0,amine,0.039292847
NB-116-026,NB-116,250.0,amine,0.0
NB-116-027,NB-116,260.0,amine,0.0
NB-116-028,NB-116,270.0,amine,0.0
NB-116-029,NB-116,280.0,amine,0.0
NB-116-030,NB-116,290.0,amine,0.0
NB-116-031,NB-116,300.0,amine,0.0
NB-116-032,NB-116,310.0,amine,0.0
NB-116-033,NB-116,320.0,amine,0.0
NB-116-034,NB-116,330.0,amine,0.0
NB-116-035,NB-116,340.0,amine,0.0
NB-116-036,NB-116,350.0,amine,0.036289259
NB-116-037,NB-116,360.0,amine,0.0
NB-116-001,NB-116,0.0,aryl_bromide,38.78668954
NB-116-002,NB-116,10.0,aryl_bromide,23.77945644
NB-116-003,NB-116,20.0,aryl_bromide,13.6320401
NB-116-004,NB-116,30.0,aryl_bromide,7.589415169
NB-116-005,NB-116,40.0,aryl_bromide,4.252720685
NB-116-006,NB-116,50.0,aryl_bromide,2.34001026
NB-116-007,NB-116,60.0,aryl_bromide,1.290891309
NB-116-008,NB-116,70.0,aryl_bromide,0.664770479
NB-116-009,NB-116,80.0,aryl_bromide,0.34505904
NB-116-010,NB-116,90.0,aryl_bromide,0.16827726
NB-116-011,NB-116,100.0,aryl_bromide,0.087367185
NB-116-012,NB-116,110.0,aryl_bromide,0.019064833
NB-116-013,NB-116,120.0,aryl_bromide,0.01739397
NB-116-014,NB-116,130.0,aryl_bromide,0.0
NB-116-015,NB-116,140.0,aryl_bromide,0.0
NB-116-016,NB-116,150.0,aryl_bromide,0.0
NB-116-017,NB-116,160.0,aryl_bromide,0.000385447
NB-116-018,NB-116,170.0,aryl_bromide,0.0
NB-116-019,NB-116,180.0,aryl_bromide,0.0
NB-116-020,NB-116,190.0,aryl_bromide,0.0
NB-116-021,NB-116,200.0,aryl_bromide,0.0
NB-116-022,NB-116,210.0,aryl_bromide,0.0
NB-116-023,NB-116,220.0,aryl_bromide,0.0
NB-116-024,NB-116,230.0,aryl_bromide,0.0
NB-116-025,NB-116,240.0,aryl_bromide,0.0
NB-116-026,NB-116,250.0,aryl_bromide,0.0
NB-116-027,NB-116,260.0,aryl_bromide,0.0
NB-116-028,NB-116,270.0,aryl_bromide,0.00520718
NB-116-029,NB-116,280.0,aryl_bromide,0.036581518
NB-116-030,NB-116,290.0,aryl_bromide,0.0
NB-116-031,NB-116,300.0,aryl_bromide,0.008948361
NB-116-032,NB-116,310.0,aryl_bromide,0.0
NB-116-033,NB-116,320.0,aryl_bromide,0.0
NB-116-034,NB-116,330.0,aryl_bromide,0.0
NB-116-035,NB-116,340.0,aryl_bromide,0.0
NB-116-036,NB-116,350.0,aryl_bromide,0.0
NB-116-037,NB-116,360.0,aryl_bromide,0.0
NB-116-001,NB-116,0.0,mono,1.157389388
NB-116-002,NB-116,10.0,mono,11.6756519
NB-116-003,NB-116,20.0,mono,16.75260464
NB-116-004,NB-116,30.0,mono,16.48356044
NB-116-005,NB-116,40.0,mono,14.27545111
NB-116-006,NB-116,50.0,mono,11.41600372
NB-116-007,NB-116,60.0,mono,8.677450515
NB-116-008,NB-116,70.0,mono,6.354430885
NB-116-009,NB-116,80.0,mono,4.529364783
NB-116-010,NB-116,90.0,mono,3.137654886
NB-116-011,NB-116,100.0,mono,2.043749256
NB-116-012,NB-116,110.0,mono,1.280924321
NB-116-013,NB-116,120.0,mono,0.761857779
NB-116-014,NB-116,130.0,mono,0.425132048
NB-116-015,NB-116,140.0,mono,0.223875159
NB-116-016,NB-116,150.0,mono,0.126637024
NB-116-017,NB-116,160.0,mono,0.067340284
NB-116-018,NB-116,170.0,mono,0.043397872
NB-116-019,NB-116,180.0,mono,0.019871849
NB-116-020,NB-116,190.0,mono,0.043742233
NB-116-021,NB-116,200.0,mono,0.006678912
NB-116-022,NB-116,210.0,mono,0.0
NB-116-023,NB-116,220.0,mono,0.0
NB-116-024,NB-116,230.0,mono,0.0
NB-116-025,NB-116,240.0,mono,0.0
NB-116-026,NB-116,250.0,mono,0.0
NB-116-027,NB-116,260.0,mono,0.0
NB-116-028,NB-116,270.0,mono,0.0
NB-116-029,NB-116,280.0,mono,0.0
NB-116-030,NB-116,290.0,mono,0.0
NB-116-031,NB-116,300.0,mono,0.0
NB-116-032,NB-116,310.0,mono,0.0
NB-116-033,NB-116,320.0,mono,0.0
NB-116-034,NB-116,330.0,mono,0.0
NB-116-035,NB-116,340.0,mono,0.0
NB-116-036,NB-116,350.0,mono,0.0
NB-116-037,NB-116,360.0,mono,0.0
NB-116-001,NB-116,0.0,di_same_ring,0.0
NB-116-002,NB-116,10.0,di_same_ring,0.0
NB-116-003,NB-116,20.0,di_same_ring,0.619588902
NB-116-004,NB-116,30.0,di_same_ring,1.469618175
NB-116-005,NB-116,40.0,di_same_ring,2.017122107
NB-116-006,NB-116,50.0,di_same_ring,2.327606927
NB-116-007,NB-116,60.0,di_same_ring,2.296558864
NB-116-008,NB-116,70.0,di_same_ring,2.260515384
NB-116-009,NB-116,80.0,di_same_ring,2.040610125
NB-116-010,NB-116,90.0,di_same_ring,1.725676934
NB-116-011,NB-116,100.0,di_same_ring,1.414594995
NB-116-012,NB-116,110.0,di_same_ring,1.134265752
NB-116-013,NB-116,120.0,di_same_ring,0.883076367
NB-116-014,NB-116,130.0,di_same_ring,0.668750453
NB-116-015,NB-116,140.0,di_same_ring,0.466572565
NB-116-016,NB-116,150.0,di_same_ring,0.336221498
NB-116-017,NB-116,160.0,di_same_ring,0.214459171
NB-116-018,NB-116,170.0,di_same_ring,0.129490381
NB-116-019,NB-116,180.0,di_same_ring,0.067729681
NB-116-020,NB-116,190.0,di_same_ring,0.047687508
NB-116-021,NB-116,200.0,di_same_ring,0.024420785
NB-116-022,NB-116,210.0,di_same_ring,0.015218149
NB-116-023,NB-116,220.0,di_same_ring,0.011430003
NB-116-024,NB-116,230.0,di_same_ring,0.0
NB-116-025,NB-116,240.0,di_same_ring,0.006720024
NB-116-026,NB-116,250.0,di_same_ring,0.0
NB-116-027,NB-116,260.0,di_same_ring,0.0
NB-116-028,NB-116,270.0,di_same_ring,0.0
NB-116-029,NB-116,280.0,di_same_ring,0.0
NB-116-030,NB-116,290.0,di_same_ring,0.0
NB-116-031,NB-116,300.0,di_same_ring,0.0
NB-116-032,NB-116,310.0,di_same_ring,0.0
NB-116-033,NB-116,320.0,di_same_ring,0.0
NB-116-034,NB-116,330.0,di_same_ring,0.0
NB-116-035,NB-116,340.0,di_same_ring,0.0
NB-116-036,NB-116,350.0,di_same_ring,0.0
NB-116-037,NB-116,360.0,di_same_ring,0.0
NB-116-001,NB-116,0.0,di_opposite_ring,0.0
NB-116-002,NB-116,10.0,di_opposite_ring,0.431805002
NB-116-003,NB-116,20.0,di_opposite_ring,5.123859509
NB-116-004,NB-116,30.0,di_opposite_ring,9.983492879
NB-116-005,NB-116,40.0,di_opposite_ring,13.78207915
NB-116-006,NB-116,50.0,di_opposite_ring,16.57207361
NB-116-007,NB-116,60.0,di_opposite_ring,18.08390849
NB-116-008,NB-116,70.0,di_opposite_ring,18.96866238
NB-116-009,NB-116,80.0,di_opposite_ring,18.81634843
NB-116-010,NB-116,90.0,di_opposite_ring,18.06732476
NB-116-011,NB-116,100.0,di_opposite_ring,16.57395083
NB-116-012,NB-116,110.0,di_opposite_ring,14.87854732
NB-116-013,NB-116,120.0,di_opposite_ring,13.00767239
NB-116-014,NB-116,130.0,di_opposite_ring,11.10979571
NB-116-015,NB-116,140.0,di_opposite_ring,9.243506057
NB-116-016,NB-116,150.0,di_opposite_ring,7.46792368
NB-116-017,NB-116,160.0,di_opposite_ring,5.873618684
NB-116-018,NB-116,170.0,di_opposite_ring,4.455737791
NB-116-019,NB-116,180.0,di_opposite_ring,3.284485731
NB-116-020,NB-116,190.0,di_opposite_ring,2.359709656
NB-116-021,NB-116,200.0,di_opposite_ring,1.61976015
NB-116-022,NB-116,210.0,di_opposite_ring,1.064476002
NB-116-023,NB-116,220.0,di_opposite_ring,0.817442397
NB-116-024,NB-116,230.0,di_opposite_ring,0.901300752
NB-116-025,NB-116,240.0,di_opposite_ring,0.865135174
NB-116-026,NB-116,250.0,di_opposite_ring,0.888059902
NB-116-027,NB-116,260.0,di_opposite_ring,0.921077824
NB-116-028,NB-116,270.0,di_opposite_ring,0.90129269
NB-116-029,NB-116,280.0,di_opposite_ring,0.860245893
NB-116-030,NB-116,290.0,di_opposite_ring,1.476521345
NB-116-031,NB-116,300.0,di_opposite_ring,1.649627326
NB-116-032,NB-116,310.0,di_opposite_ring,1.465110362
NB-116-033,NB-116,320.0,di_opposite_ring,1.392159314
NB-116-034,NB-116,330.0,di_opposite_ring,1.611920635
NB-116-035,NB-116,340.0,di_opposite_ring,1.6474152
NB-116-036,NB-116,350.0,di_opposite_ring,1.860182266
NB-116-037,NB-116,360.0,di_opposite_ring,1.853314141
NB-116-001,NB-116,0.0,tri,0.0
NB-116-002,NB-116,10.0,tri,0.0
NB-116-003,NB-116,20.0,tri,0.109887536
NB-116-004,NB-116,30.0,tri,0.783573523
NB-116-005,NB-116,40.0,tri,2.013051435
NB-116-006,NB-116,50.0,tri,3.886032034
NB-116-007,NB-116,60.0,tri,6.087637074
NB-116-008,NB-116,70.0,tri,8.729189634
NB-116-009,NB-116,80.0,tri,11.45380794
NB-116-010,NB-116,90.0,tri,14.17071722
NB-116-011,NB-116,100.0,tri,16.68923878
NB-116-012,NB-116,110.0,tri,19.09169219
NB-116-013,NB-116,120.0,tri,21.18683395
NB-116-014,NB-116,130.0,tri,22.97959779
NB-116-015,NB-116,140.0,tri,24.3035898
NB-116-016,NB-116,150.0,tri,25.32187393
NB-116-017,NB-116,160.0,tri,25.8289131
NB-116-018,NB-116,170.0,tri,25.59175557
NB-116-019,NB-116,180.0,tri,25.20066748
NB-116-020,NB-116,190.0,tri,24.14308035
NB-116-021,NB-116,200.0,tri,22.79647916
NB-116-022,NB-116,210.0,tri,21.0755961
NB-116-023,NB-116,220.0,tri,19.02841154
NB-116-024,NB-116,230.0,tri,16.99888271
NB-116-025,NB-116,240.0,tri,14.61541886
NB-116-026,NB-116,250.0,tri,11.8752115
NB-116-027,NB-116,260.0,tri,8.647332996
NB-116-028,NB-116,270.0,tri,5.862003172
NB-116-029,NB-116,280.0,tri,2.945556251
NB-116-030,NB-116,290.0,tri,0.635452924
NB-116-031,NB-116,300.0,tri,0.19941267
NB-116-032,NB-116,310.0,tri,0.141562962
NB-116-033,NB-116,320.0,tri,0.091156491
NB-116-034,NB-116,330.0,tri,0.201320128
NB-116-035,NB-116,340.0,tri,0.241904158
NB-116-036,NB-116,350.0,tri,0.307788988
NB-116-037,NB-116,360.0,tri,0.277735867
NB-116-001,NB-116,0.0,spiro,0.046111086
NB-116-002,NB-116,10.0,spiro,0.049251201
NB-116-003,NB-116,20.0,spiro,0.066016198
NB-116-004,NB-116,30.0,spiro,0.063862841
NB-116-005,NB-116,40.0,spiro,0.246573464
NB-116-006,NB-116,50.0,spiro,0.220150055
NB-116-007,NB-116,60.0,spiro,0.326959284
NB-116-008,NB-116,70.0,spiro,0.505097239
NB-116-009,NB-116,80.0,spiro,0.755280618
NB-116-010,NB-116,90.0,spiro,1.108695689
NB-116-011,NB-116,100.0,spiro,1.537820457
NB-116-012,NB-116,110.0,spiro,2.103433365
NB-116-013,NB-116,120.0,spiro,2.80940993
NB-116-014,NB-116,130.0,spiro,3.663782725
NB-116-015,NB-116,140.0,spiro,4.683339771
NB-116-016,NB-116,150.0,spiro,6.014416232
NB-116-017,NB-116,160.0,spiro,7.253567829
NB-116-018,NB-116,170.0,spiro,8.7727351
NB-116-019,NB-116,180.0,spiro,10.53882854
NB-116-020,NB-116,190.0,spiro,12.38748082
NB-116-021,NB-116,200.0,spiro,14.52245332
NB-116-022,NB-116,210.0,spiro,16.75993961
NB-116-023,NB-116,220.0,spiro,19.09900069
NB-116-024,NB-116,230.0,spiro,21.67019131
NB-116-025,NB-116,240.0,spiro,24.53083239
NB-116-026,NB-116,250.0,spiro,27.06041341
NB-116-027,NB-116,260.0,spiro,29.8637176
NB-116-028,NB-116,270.0,spiro,31.95401663
NB-116-029,NB-116,280.0,spiro,34.25475747
NB-116-030,NB-116,290.0,spiro,37.99334162
NB-116-031,NB-116,300.0,spiro,39.18031793
NB-116-032,NB-116,310.0,spiro,40.21812039
NB-116-033,NB-116,320.0,spiro,40.5855952
NB-116-034,NB-116,330.0,spiro,40.59004678
NB-116-035,NB-116,340.0,spiro,40.38314555
NB-116-036,NB-116,350.0,spiro,40.38292212
NB-116-037,NB-116,360.0,spiro,40.24376123
NB-116-001,NB-116,0.0,unknown_rt_2.2,23.49634481
NB-116-002,NB-116,10.0,unknown_rt_2.2,31.85406344
NB-116-003,NB-116,20.0,unknown_rt_2.2,36.39353657
NB-116-004,NB-116,30.0,unknown_rt_2.2,34.99604407
NB-116-005,NB-116,40.0,unknown_rt_2.2,31.78210487
NB-116-006,NB-116,50.0,unknown_rt_2.2,28.69642032
NB-116-007,NB-116,60.0,unknown_rt_2.2,26.52567866
NB-116-008,NB-116,70.0,unknown_rt_2.2,22.87529966
NB-116-009,NB-116,80.0,unknown_rt_2.2,20.83076053
NB-116-010,NB-116,90.0,unknown_rt_2.2,19.15058366
NB-116-011,NB-116,100.0,unknown_rt_2.2,18.04573688
NB-116-012,NB-116,110.0,unknown_rt_2.2,15.84444415
NB-116-013,NB-116,120.0,unknown_rt_2.2,14.90333563
NB-116-014,NB-116,130.0,unknown_rt_2.2,13.27468834
NB-116-015,NB-116,140.0,unknown_rt_2.2,12.04147913
NB-116-016,NB-116,150.0,unknown_rt_2.2,10.69488608
NB-116-017,NB-116,160.0,unknown_rt_2.2,8.661524321
NB-116-018,NB-116,170.0,unknown_rt_2.2,6.389974036
NB-116-019,NB-116,180.0,unknown_rt_2.2,5.155576397
NB-116-020,NB-116,190.0,unknown_rt_2.2,3.879131836
NB-116-021,NB-116,200.0,unknown_rt_2.2,2.034317333
NB-116-022,NB-116,210.0,unknown_rt_2.2,0.725944183
NB-116-023,NB-116,220.0,unknown_rt_2.2,0.056327953
NB-116-024,NB-116,230.0,unknown_rt_2.2,0.028553581
NB-116-025,NB-116,240.0,unknown_rt_2.2,0.0
NB-116-026,NB-116,250.0,unknown_rt_2.2,0.0
NB-116-027,NB-116,260.0,unknown_rt_2.2,0.007682138
NB-116-028,NB-116,270.0,unknown_rt_2.2,0.0
NB-116-029,NB-116,280.0,unknown_rt_2.2,0.0
NB-116-030,NB-116,290.0,unknown_rt_2.2,0.030130947
NB-116-031,NB-116,300.0,unknown_rt_2.2,0.0
NB-116-032,NB-116,310.0,unknown_rt_2.2,0.014397126
NB-116-033,NB-116,320.0,unknown_rt_2.2,0.008147568
NB-116-034,NB-116,330.0,unknown_rt_2.2,0.004994133
NB-116-035,NB-116,340.0,unknown_rt_2.2,0.004271556
NB-116-036,NB-116,350.0,unknown_rt_2.2,0.0
NB-116-037,NB-116,360.0,unknown_rt_2.2,0.000435023
