Sample Name,Time ,Amine,Unknown RT 2.2 ,Aryl Bromide ,Mono ,Di Same Ring ,Di Opposite Ring ,Tri ,Spiro 
NB-116-001,0,168.0290858,23.49634481,38.78668954,1.157389388,-0.001287043,-0.01370532,-0.000474686,0.046111086
NB-116-002,10,118.3923251,31.85406344,23.77945644,11.6756519,-0.057709349,0.431805002,-0.020008936,0.049251201
NB-116-003,20,87.08078974,36.39353657,13.6320401,16.75260464,0.619588902,5.123859509,0.109887536,0.066016198
NB-116-004,30,68.78245884,34.99604407,7.589415169,16.48356044,1.469618175,9.983492879,0.783573523,0.063862841
NB-116-005,40,58.08831501,31.78210487,4.252720685,14.27545111,2.017122107,13.78207915,2.013051435,0.246573464
NB-116-006,50,45.89175496,28.69642032,2.34001026,11.41600372,2.327606927,16.57207361,3.886032034,0.220150055
NB-116-007,60,37.65053171,26.52567866,1.290891309,8.677450515,2.296558864,18.08390849,6.087637074,0.326959284
NB-116-008,70,31.9140303,22.87529966,0.664770479,6.354430885,2.260515384,18.96866238,8.729189634,0.505097239
NB-116-009,80,26.88936,20.83076053,0.34505904,4.529364783,2.040610125,18.81634843,11.45380794,0.755280618
NB-116-010,90,22.3586206,19.15058366,0.16827726,3.137654886,1.725676934,18.06732476,14.17071722,1.108695689
NB-116-011,100,17.5716015,18.04573688,0.087367185,2.043749256,1.414594995,16.57395083,16.68923878,1.537820457
NB-116-012,110,14.66416591,15.84444415,0.019064833,1.280924321,1.134265752,14.87854732,19.09169219,2.103433365
NB-116-013,120,10.7569671,14.90333563,0.01739397,0.761857779,0.883076367,13.00767239,21.18683395,2.80940993
NB-116-014,130,8.635355791,13.27468834,-0.013716151,0.425132048,0.668750453,11.10979571,22.97959779,3.663782725
NB-116-015,140,5.674648042,12.04147913,-0.013449558,0.223875159,0.466572565,9.243506057,24.3035898,4.683339771
NB-116-016,150,3.365859843,10.69488608,-0.003024434,0.126637024,0.336221498,7.46792368,25.32187393,6.014416232
NB-116-017,160,1.719008261,8.661524321,0.000385447,0.067340284,0.214459171,5.873618684,25.8289131,7.253567829
NB-116-018,170,1.541181268,6.389974036,-0.024851929,0.043397872,0.129490381,4.455737791,25.59175557,8.7727351
NB-116-019,180,0.944037918,5.155576397,-0.004489226,0.019871849,0.067729681,3.284485731,25.20066748,10.53882854
NB-116-020,190,0.788914616,3.879131836,-0.005222794,0.043742233,0.047687508,2.359709656,24.14308035,12.38748082
NB-116-021,200,0.577552791,2.034317333,-0.008813304,0.006678912,0.024420785,1.61976015,22.79647916,14.52245332
NB-116-022,210,0.263296658,0.725944183,-0.022579648,-0.008112137,0.015218149,1.064476002,21.0755961,16.75993961
NB-116-023,220,-0.008677266,0.056327953,-0.002875836,-0.025635308,0.011430003,0.817442397,19.02841154,19.09900069
NB-116-024,230,-0.02110528,0.028553581,-0.001766885,-0.052175145,-0.004432374,0.901300752,16.99888271,21.67019131
NB-116-025,240,0.039292847,-0.000829478,-0.032348584,-0.058068805,0.006720024,0.865135174,14.61541886,24.53083239
NB-116-026,250,-0.095222715,-0.020204796,-0.011721176,-0.096876536,-0.000877739,0.888059902,11.8752115,27.06041341
NB-116-027,260,-0.115498776,0.007682138,-0.022993311,-0.104644426,-0.004414986,0.921077824,8.647332996,29.8637176
NB-116-028,270,-0.224636628,-0.014400487,0.00520718,-0.138474412,-1.58E-05,0.90129269,5.862003172,31.95401663
NB-116-029,280,-0.218679319,-0.016496459,0.036581518,-0.144579594,-0.010124235,0.860245893,2.945556251,34.25475747
NB-116-030,290,-0.081347052,0.030130947,-0.019785003,-0.077255833,-0.007351604,1.476521345,0.635452924,37.99334162
NB-116-031,300,-0.156927407,-0.006265261,0.008948361,-0.127822821,-0.015366635,1.649627326,0.19941267,39.18031793
NB-116-032,310,-0.137874899,0.014397126,-0.010353924,-0.128191834,-0.004014487,1.465110362,0.141562962,40.21812039
NB-116-033,320,-0.149718685,0.008147568,-0.020683661,-0.125774979,-0.008883857,1.392159314,0.091156491,40.5855952
NB-116-034,330,-0.1429004,0.004994133,-0.017941619,-0.103818322,-0.008109973,1.611920635,0.201320128,40.59004678
NB-116-035,340,-0.153625324,0.004271556,-0.031997362,-0.124538636,-0.017154825,1.6474152,0.241904158,40.38314555
NB-116-036,350,0.036289259,-0.013278921,-0.026342044,-0.104682275,-0.000142283,1.860182266,0.307788988,40.38292212
NB-116-037,360,-0.200282724,0.000435023,-0.023669408,-0.119962137,-0.021617362,1.853314141,0.277735867,40.24376123
NB-121-001,0,154.1374174,,16.73531794,1.191603311,-0.00578874,0.024161495,0.001829951,0.038286985
NB-121-002,10,117.6169729,,6.150456442,8.096465041,0.302057917,2.970585311,0.039113712,0.046662852
NB-121-003,20,90.6625902,,2.105819441,6.943324374,0.884453761,6.773589216,0.581575222,0.027981204
NB-121-004,30,76.75033649,,0.74127388,4.445325065,1.211816269,8.974267224,2.023703771,0.077770654
NB-121-005,40,69.02314577,,0.259918813,2.418226798,1.176823822,9.275633749,3.981695099,0.319841364
NB-121-006,50,97.45140072,,0.082531894,1.192733273,0.927688267,8.605842149,6.829979523,0.510218308
NB-121-007,60,94.18656389,,0.05015752,0.486026622,0.617370071,7.052858937,8.994970818,0.971016771
NB-121-008,75,90.52933394,,0.011362335,0.085525932,0.24495684,4.510073858,11.43243108,2.100689006
NB-121-009,90,87.3268159,,0.006695135,0.015890472,0.061014121,2.301199791,11.944263,3.764381129
NB-121-010,105,84.0831661,,-0.024088559,0.016813994,0.011508696,0.930578948,11.0267488,6.111783809
NB-121-011,120,81.50503177,,0.007029217,0.024447359,-0.002713728,0.236362431,8.86236473,9.072714989
NB-121-012,135,78.52379244,,-0.014303301,0.002860868,0.00451389,-0.025902231,5.814710163,12.45380209
NB-121-013,150,76.25800117,,0.005573483,0.024951817,-0.00936738,-0.128164252,2.583400992,16.20262582
NB-121-014,165,74.06976288,,-0.010998434,-0.024906597,0.008055638,-0.228709821,-0.006926419,19.5561486
NB-121-015,180,74.65340396,,0.012193096,-0.007037782,0.036436095,-0.317858073,0.003315123,20.53985265
NB-121-016,195,75.0727419,,-0.025730526,-0.024788307,0.031957399,-0.287155442,0.008601594,20.61544715
NB-121-017,210,74.40939269,,-0.035363447,-0.045376664,0.027419017,-0.252788977,0.035927506,22.03072906
NB-121-018,225,74.54265359,,-0.043634193,-0.024743849,0.026359373,-0.33671294,0.015005416,20.4636357
NB-121-019,240,74.07908334,,0.323072205,-0.034418781,0.032043787,-0.25212851,0.023182834,20.53503562
NB-121-020,255,73.37423673,,-0.029470691,-0.031679229,0.022827924,-0.25352649,0.031345409,20.60168705
NB-123-001,0,60.01963081,20.64109079,38.27443092,1.519922152,0.005538462,0.070178997,0.024899653,0.001822346
NB-123-002,10,46.48563531,16.78648883,23.51824591,13.00989191,0.224161891,2.07308992,0.00527291,-0.004470091
NB-123-003,20,31.40586031,15.12189658,14.29844032,17.18956156,0.876598631,6.015466183,0.184260622,0.008992195
NB-123-004,30,19.62204569,12.42159998,8.558020746,17.24560186,1.612725268,10.26690224,0.779146593,0.010657762
NB-123-005,40,11.46045267,8.456870063,5.045734323,15.35042107,2.193322085,14.12940688,1.909406539,0.040995624
NB-123-006,50,5.790397669,4.402474729,2.922258818,12.74069039,2.60776007,17.29551532,3.648232918,0.092380525
NB-123-007,60,1.892751835,0.405869323,1.65917402,9.957117064,2.771992203,19.30628612,5.7592211,0.203640097
NB-123-008,70,0.237899856,0.027697804,0.978391303,7.566924762,2.712099607,20.5318591,8.219922846,0.350090375
NB-123-009,80,0.297453947,0.008682795,0.55019458,5.485156223,2.530028065,20.66336486,10.83296575,0.547542359
NB-123-010,90,0.267472845,0.011700852,0.591976663,4.42954376,2.463214673,20.12727626,12.30486292,0.678985193
NB-123-011,100,0.2741091,0.034081724,12.46069061,4.308083062,2.415253344,20.11586816,12.4922754,0.691310383
NB-123-012,110,0.28656436,0.038536364,0.522995851,4.237125839,2.425419064,19.93214983,12.46878696,0.679090726
NB-123-013,120,0.30990857,0.01262054,0.55437773,4.179310541,2.38838809,19.80911275,12.45659101,0.682113395
NB-123-014,130,0.307537288,0.001271512,0.515581702,4.122285199,2.366316768,19.79018363,12.37347408,0.682777134
NB-123-015,140,0.304943408,0.023331674,0.464688788,4.055448528,2.290707695,19.61527009,12.16969041,0.682459166
NB-123-016,150,0.30627344,0.017866805,0.47429096,4.005707517,2.28051089,19.62716876,12.27333368,0.67565787
NB-123-017,160,0.29983074,0.011891792,0.486775034,3.971109443,2.289609401,19.62453487,12.33568667,0.689328038
NB-123-018,170,0.275076237,0.026950867,0.75821669,3.920764649,2.246425358,19.48038612,12.29392766,0.683990679
NB-124-001,0,171.1417961,12.43531876,37.24823418,1.300321276,-0.009155465,0.08184283,-0.01218696,0.011238969
NB-124-002,5,153.4606077,18.3265464,29.56591364,8.215508436,0.032109992,0.653546847,-0.020300655,0.000328747
NB-124-003,10,134.1297274,25.34622669,22.93186847,12.782826,0.215779076,2.123951745,-0.018945712,0.008812772
NB-124-004,15,120.0134291,29.24788548,17.71208892,15.52221615,0.52401276,4.007415776,-0.010055919,-0.01225903
NB-124-005,20,112.886398,27.81310249,13.68090321,16.88998616,0.878444302,6.170570285,0.08380328,0.032972552
NB-124-006,25,102.7062536,29.01843657,10.48788084,17.26240739,1.257190563,8.357586759,0.20624343,0.017763517
NB-124-007,30,96.67034603,28.65383165,8.00503121,16.95759282,1.666033012,10.70309743,0.681938314,0.005655405
NB-124-008,40,87.69550227,26.3753911,13.91505347,14.92375026,2.333925655,14.66725702,2.03689693,0.057169683
NB-124-009,50,79.76200629,25.18358465,2.65316886,12.2295366,2.734150664,17.73055045,3.820852326,0.10208786
NB-124-010,60,74.76817287,23.37297112,1.409388912,9.307866022,2.818513809,19.45286436,5.84200218,0.208149857
NB-124-011,70,70.47691057,21.57227962,0.927395052,6.848275925,2.765111665,20.27535453,8.472665379,0.388674227
NB-124-012,80,64.81376548,20.85931722,0.477790007,4.836473875,2.543779776,20.11279863,11.31638479,0.69192293
NB-124-013,90,63.44002684,14.8281044,0.258755766,3.646817479,2.333473975,19.39149358,13.12275197,0.83505537
NB-124-014,100,61.94349487,18.69475066,0.24597069,3.516974182,2.322858291,19.31691733,13.20187691,0.845331475
NB-124-015,110,61.62020812,19.06877354,0.245593634,3.478492559,2.335511963,19.24616808,13.22127535,0.855514839
NB-124-016,120,60.63801735,19.65941684,0.263346764,3.505476596,2.372019254,19.38289619,13.58267022,0.863533484
NB-124-017,130,61.41744105,18.27930285,0.27117457,3.500191771,2.393080112,19.2116636,13.65727569,0.869910377
NB-124-018,140,60.52235553,19.31268254,0.278125165,3.464419986,2.371874018,19.278015,13.44407283,0.853767951
NB-124-019,150,61.10936635,18.6619192,0.260679692,3.451808851,2.308476888,19.12939962,12.98131155,0.817394028
NB-124-020,165,60.76006812,19.4677579,0.265335532,3.457695542,2.306466852,19.10621664,12.84402207,0.812204334
NB-124-021,180,59.18021952,20.27246534,0.29870192,3.425731746,2.265958846,18.87555814,12.42248172,0.790096964
NB-125-001,0,246.6065109,11.13618849,59.43131087,1.25293771,0.008030341,-0.006191796,-0.021929811,-0.017475926
NB-125-002,5,225.2617115,12.11971984,51.0291498,9.011508487,0.030720468,0.365470758,0.013580905,0.015606398
NB-125-003,10,216.4102087,20.63168134,43.7902974,15.08955202,0.153231665,1.383173688,0.0028542,0.012681753
NB-125-004,15,191.6798799,30.87274336,37.5865993,19.60749242,0.383027812,2.787867224,0.01340107,0.009665448
NB-125-005,20,170.5731419,36.89583858,32.27339847,22.91278722,0.68324111,4.393844455,0.03917305,0.006326986
NB-125-006,25,152.097763,42.0070847,27.81260614,25.30086624,1.039279607,6.180136289,0.103442108,0.050895321
NB-125-007,30,137.879232,42.99313521,23.73725507,26.6132905,1.399949151,8.01548965,0.245785787,-0.011686335
NB-125-008,40,114.0822145,44.00739588,17.52607117,27.75500566,2.11692213,12.0066357,0.744155584,-0.008951652
NB-125-009,50,96.60884867,42.1153549,12.95348593,27.23243524,2.732798723,15.96724262,1.577941079,0.008479553
NB-125-010,60,83.24870404,40.60757475,9.613064385,25.76618147,3.224372586,19.56704188,2.626573915,0.032600321
NB-125-011,70,70.54720205,38.94928894,7.129341397,23.73959185,3.620719752,22.70062775,3.936750553,0.080521564
NB-125-012,80,61.52698499,35.95158006,5.31131652,21.44431916,3.85606993,25.61338671,5.507626452,0.129993199
NB-125-013,90,52.29309578,33.92126148,3.854800082,18.96626948,4.005726186,27.50692923,7.083433893,0.201400711
NB-125-014,100,44.33264026,31.51453837,2.889794162,16.68931436,4.06388133,29.36697107,8.986452589,0.304082193
NB-125-015,110,36.55499594,28.77465423,2.159022893,14.49856597,4.047151812,30.24960792,10.78577372,0.408388326
NB-125-016,120,29.26918286,26.84219532,1.550736998,12.44348198,3.917342057,30.91688515,12.68039195,0.520439784
NB-125-017,130,23.44546605,23.04690164,1.160976067,10.6181036,3.784729682,31.15491573,14.78822974,0.70386709
NB-125-018,140,17.86404569,19.42061749,0.84165515,8.93473953,3.577515725,30.90031878,16.73289193,0.911822584
NB-125-019,150,14.02823894,17.99283965,0.662563722,7.503004741,3.356113123,30.52395346,18.75827599,1.118163944
NB-125-020,160,11.36861273,15.84815351,0.493299955,6.225890625,3.107339109,29.98928303,20.78197573,1.381462117
NB-125-021,170,10.22455181,13.5610055,0.347181289,5.089938508,2.699156769,29.75619797,22.93671407,1.695208024
NB-125-022,180,9.170317963,11.44005644,0.241725531,4.155657358,2.379164364,28.8401918,24.9194142,2.004082012
NB-125-023,190,7.946582872,9.551985665,0.214579191,3.321591201,1.998865352,27.68648572,26.62322248,2.372118653
NB-125-024,205,7.106539562,8.247311803,0.15387404,2.927729855,1.745346183,26.88065822,27.21520854,2.548370798
NB-125-025,220,5.18654545,6.142740906,0.081288705,2.022374967,1.247762223,24.65670793,29.48222135,3.235350347
NB-125-026,235,3.510172148,4.077112491,0.044944114,1.384353408,0.812674422,22.4277406,31.76081592,3.992496855
NB-125-027,250,2.394162954,2.310378042,0.014219759,0.919132048,0.40814176,20.11919346,33.71387987,4.864778521
NB-125-028,265,1.886068723,1.275613405,-0.048587233,0.606220568,0.174535314,18.13758914,35.93707179,5.897852108
NB-125-029,280,1.457686184,0.191642176,-0.096687293,0.363500827,-0.070810349,16.15842179,37.90171467,7.095768403
NB-125-030,295,1.361267647,-0.099892374,-0.042345533,0.210797586,0.086388083,13.84163671,38.81997465,8.329192492
NB-125-031,310,1.348845593,-0.107910687,-0.119894841,0.108604488,-0.500031758,11.84005117,39.78449656,9.774654296
NB-125-032,325,1.168128355,-0.140128803,-0.135508442,0.065926352,-0.706842817,9.865031046,40.20875109,11.39366128
NB-125-033,340,0.867946435,-0.135508033,-0.162926556,0.031346262,-0.605431932,8.475914648,40.62007,13.05076996
NB-125-034,355,0.71093709,-0.12945868,-0.174021349,0.022122263,-0.667489597,7.330957241,42.11427706,15.41270058
NB-125-035,370,0.599965816,-0.129588413,-0.174216852,0.003848469,-0.6977172,5.724398023,40.27206606,16.9771521
NB-125-036,385,0.588856742,-0.117460628,-0.164974553,0.011079346,-0.685429307,4.575555071,39.16399283,18.99084378
NB-125-037,400,0.549826826,-0.116601279,-0.172846575,0.022601268,-0.737281827,3.507452381,37.52408075,21.1170957
NB-125-038,415,0.932888315,-0.052349116,-0.165548334,-0.031153077,-0.108393738,2.503802894,36.43254661,23.01759878
NB-125-039,430,0.787451163,-0.000706011,-0.154825841,0.062043278,-0.810888678,3.034828866,33.24959685,24.83316519
NB-125-040,445,0.841902206,0.016438709,-0.107197345,0.166432524,-0.929035547,1.221002902,28.18155237,27.28579666
NB-125-041,460,0.971799374,-0.0159611,-0.122754874,0.103684321,-0.7636911,1.401996294,28.0108194,30.28755484
NB-125-042,475,0.852568342,-0.014821917,-0.068869009,0.199564826,-0.666578372,1.46467726,25.78703803,33.29738424
NB-125-043,490,0.803661507,-0.015645526,-0.11040947,0.213719907,-0.523387394,1.377234762,22.82264025,35.89621344
NB-125-044,505,0.847456622,-0.0218168,-0.115462634,0.223695962,-0.483372737,1.221002658,19.38526052,38.67350127
NB-125-045,520,0.810843699,-0.053024557,-0.087915275,0.21818444,-0.318641662,1.23842266,16.51444275,41.37865041
NB-125-046,535,0.917204356,-0.030077655,-0.102522032,0.173733575,-0.146394843,1.226301227,13.78685364,45.6591325
NB-125-047,550,0.76034606,-0.026178864,-0.100091169,0.123054652,-0.128942777,1.201822567,10.24132784,47.48626221
NB-125-048,565,0.738797189,-0.044177453,-0.071019813,0.111839556,-0.065309644,1.024233291,7.039127075,49.99862754
NB-125-049,580,0.759182932,-0.071511738,-0.05111059,0.101925589,-0.057090264,0.941995041,4.051261789,53.07246193
NB-125-050,595,0.741282636,-0.023547086,-0.080429874,0.103876513,-0.039021091,1.588648167,1.865028386,56.56323626
NB-125-051,610,0.756924886,-0.015342138,-0.068639193,0.182035986,-0.020163581,1.730216451,0.186941224,59.7904404
NB-150-001,0,90.91346833,38.50493382,37.06896263,1.515716282,-0.004782727,0.003182849,-0.017081764,0.038057743
NB-150-002,10,76.84017849,39.16902568,23.29418672,14.42042363,0.210958057,1.976561641,0.061426782,0.036996297
NB-150-003,20,66.99898186,39.44544069,13.92413144,18.86503795,0.788034804,6.09923094,0.260933415,0.034129306
NB-150-004,30,59.15021199,37.14181884,8.288779974,18.69903717,1.481893766,10.46864137,0.801012929,0.007517908
NB-150-005,40,52.73007151,36.39686335,4.942253732,16.71329015,2.113883845,14.44258399,1.88953704,0.037303292
NB-150-006,50,47.1161715,35.45959902,2.896406599,13.923686,2.506060178,17.41620154,3.258781254,0.09570346
NB-150-007,60,42.18428308,33.98286505,1.620663439,10.87117424,2.829716345,19.20624095,5.703251886,0.169156868
NB-150-008,70,37.85759389,32.11871584,0.910988086,8.14200542,2.80576269,19.91830276,7.897034953,0.325117011
NB-150-009,80,34.62466349,29.89256178,0.534519713,5.8626788,2.675977515,19.816911,10.22487058,0.476073027
NB-150-010,90,31.48778231,28.46297353,0.306843391,4.048310773,2.441836711,19.06208915,12.69010789,0.779714113
NB-150-011,100,27.28526761,28.08783213,0.198527862,2.68486131,2.217294585,17.99848024,15.87149956,1.216272614
NB-150-012,110,25.47788159,26.33087928,0.106099238,1.70786105,1.912842938,16.2734736,18.59389672,1.705933913
NB-150-013,120,23.09108835,25.27418882,0.08081034,1.023507187,1.568008089,14.3905234,21.18322135,2.34273934
NB-150-014,130,21.27643813,23.80345172,0.066104373,0.605405263,1.237457333,12.40814156,23.40382476,3.085241132
NB-150-015,140,18.72023519,22.85593931,0.040285516,0.334952221,0.928730639,10.52982387,25.03234729,3.974004899
NB-150-016,150,17.49188529,21.18664081,0.02951846,0.184182781,0.667869254,8.5846393,26.41367486,5.014368594
NB-150-017,160,15.29868457,20.16396601,-0.001566342,0.100508322,0.454135254,6.941788911,27.63503543,6.180440602
NB-150-018,170,13.99128133,18.63048114,0.026510919,0.044201982,0.297319439,5.299845731,27.86788032,7.4746715
NB-150-019,180,12.04738375,17.95388047,0.03383359,0.043836758,0.187028244,4.069066979,28.20415596,9.05646216
NB-150-020,190,10.78453645,16.82335677,0.02333374,0.029846822,0.115444431,2.937459687,27.80125987,10.72588205
NB-150-021,200,9.121650747,15.89306374,0.015063904,0.033398816,0.079088695,2.118207837,27.01988425,12.55836834
NB-150-022,210,7.630826702,14.51058863,0.019063323,0.036441478,0.027983294,1.423672357,25.74247568,14.57434048
NB-150-023,220,6.260513375,13.56892011,0.018820908,0.041865526,0.018511449,0.920643965,24.29730753,16.78551804
NB-150-024,230,4.699990925,12.78431321,0.026745897,0.028409972,-0.002981978,0.524172557,22.22723187,19.01949245
NB-150-025,240,3.628580868,11.45727537,0.015005319,0.028065429,0.006655421,0.250985803,19.92395695,21.48680294
NB-150-026,250,2.218620525,10.41175428,0.010551765,0.014816738,-0.002775175,0.09020707,17.41204306,23.98989277
NB-150-027,260,1.339187353,9.134948734,0.020080245,0.03064779,-0.000120209,-0.003267544,14.68783185,26.60864736
NB-150-028,270,1.193881911,6.585461769,0.017445277,0.040069587,0.011222985,-0.055871939,11.96342641,29.39647178
NB-150-029,280,0.880360853,4.713692044,0.012803777,0.03257028,-0.003317108,-0.063758844,8.887313025,31.76848702
NB-150-030,290,0.898013037,2.491344563,0.019968299,0.028394482,-0.000955979,-0.056600953,6.024822762,34.67345068
NB-150-031,300,0.659437873,0.271593358,0.003151066,0.024057382,-0.009419535,-0.010904958,3.089465454,37.22184455
NB-150-032,310,0.611740428,0.066482042,-6.94E-05,0.013944678,0.001536285,0.016327318,0.265929729,39.71017305
NB-150-033,320,0.620899886,0.029686937,-0.01297382,0.012428987,-0.010256021,0.00634241,-0.073440958,41.0616561
NB-150-034,330,0.590201998,0.048621045,0.023921924,0.020082945,0.001415747,0.018369623,-0.076498783,41.07834758
NB-150-035,340,0.577155329,0.059206934,0.010997294,0.019970672,0.00610868,0.012992864,-0.066046747,41.09703027
NB-150-036,350,0.503354887,0.022903078,0.017638265,0.012926058,-0.005478508,0.006329496,-0.05747349,41.31808236
NB-150-037,360,0.530803553,0.040632013,0.011882344,0.016440067,0.015219676,0.001425669,-0.067202883,41.40305337
NB-150-038,375,0.484970107,0.023228744,0.000227056,0.010874447,-0.007196277,0.02517671,-0.0857445,41.26080822
NB-154-001,-30,107.4512958,34.78458342,41.75177074,-0.011864838,0.098924834,-0.009095094,-0.314787766,20.93891584
NB-154-002,-20,107.881292,33.84194704,41.82106805,-0.013606415,0.103669204,-0.00087763,-0.343415153,20.92999097
NB-154-003,-10,109.4093307,32.07683773,41.74789152,-0.022134389,0.10114555,0.016796671,-0.248069986,21.23908037
NB-154-004,0,100.7772353,36.04559533,37.5164411,1.336322217,0.078867296,0.011780755,-0.227908378,20.44542205
NB-154-005,2.5,92.23048526,40.16185502,30.62807215,8.159207759,0.095911647,0.394394659,-0.263320719,20.33896249
NB-154-006,5,84.02585282,45.77049283,24.92889934,13.09440907,0.214636996,1.391524124,-0.311083729,20.3059471
NB-154-007,10,77.46814648,48.07659629,20.26631207,16.20282242,0.411247534,2.823796136,-0.308262085,20.31128294
NB-154-008,15,71.315528,50.12439138,16.45093001,18.24436062,0.684422547,4.483165059,-0.204292045,20.5032483
NB-154-009,20,65.88533458,51.45422043,13.28819819,19.04384486,0.931609881,6.228119396,-0.206382344,20.34391632
NB-154-010,25,61.93686313,50.5939165,10.76130787,19.41108044,1.287029324,8.024786601,-0.004566978,20.52240697
NB-154-011,30,57.53213494,50.71222856,8.612979698,19.05286734,1.544941687,9.633940902,0.128399906,20.39134449
NB-154-012,35,53.71905204,50.10995437,6.975928545,18.57897853,1.825265668,11.27568398,0.304163924,20.5338222
NB-154-013,40,50.3200586,49.66965793,5.565050853,17.80694304,2.199460474,12.99265291,1.29144379,20.92215851
NB-154-014,45,47.03170008,49.37487078,4.502735337,16.77753473,2.459406676,14.31926946,1.970812919,21.00357911
NB-154-015,50,44.14662813,48.40258253,3.560744964,15.49782525,2.714831685,15.26060725,2.726085766,21.25390819
NB-154-016,55,41.37349512,47.0964522,2.801282013,14.14259663,2.875739731,15.88749442,3.393858838,21.19991888
NB-154-017,60,36.7273783,45.43032221,1.760679379,11.55926139,3.086621203,17.28723704,5.100995005,21.28660002
NB-154-018,70,32.1728762,43.34184932,1.087334994,8.981643535,3.140349024,17.0969749,6.796948335,21.28695018
NB-154-019,80,29.11275216,40.72697022,0.66863121,6.832288427,3.086466537,17.1721614,8.852423299,21.51757169
NB-154-020,90,26.30430696,37.74581775,0.417481517,5.202759028,2.900336691,18.05117556,11.24763296,21.84059699
NB-154-021,100,23.23484259,35.7800331,0.255524116,3.71446343,2.6590592,16.38149051,13.34896014,22.02235073
NB-154-022,110,20.63825327,33.94652701,0.175518172,2.586681988,2.352983033,15.52245697,15.45554785,22.25202644
NB-154-023,120,18.77377717,31.398862,0.11092521,1.769021122,2.053477507,14.72376515,17.40590201,22.71670953
NB-154-024,130,16.89588288,29.24983121,0.057575361,1.176670476,1.712346198,13.19952558,18.6898566,23.07667156
NB-154-025,140,14.80760427,27.26247931,0.041652888,0.742486366,1.373692723,11.65636534,20.71977272,23.7286062
NB-154-026,150,13.03800592,26.15790767,0.032585171,0.418908118,1.09686054,10.05896596,22.21592725,24.21987396
NB-154-027,160,11.595875,24.39046893,0.055255058,0.202275257,0.875651901,8.406347376,23.59017603,25.13259916
NB-154-028,170,10.2864973,23.54388088,0.030081701,0.073143998,0.646798139,6.947896966,24.52638292,25.92332097
NB-154-029,180,8.664705939,21.82253996,0.034137654,0.028178794,0.483202692,5.26649644,24.79154495,27.03241416
NB-154-030,190,7.651809362,21.64783733,0.068333125,-0.023018375,0.363444906,4.10729846,25.54823998,28.09780797
NB-154-031,200,6.071917389,19.17584235,-0.005813931,-0.101735417,0.227864183,3.087474654,26.15166008,29.32235105
NB-154-032,210,4.712434191,17.80957132,0.025622265,-0.11401851,0.178430547,2.00943366,25.89458098,30.62387155
NB-154-033,220,3.535636364,16.54073879,0.588980768,-0.103329248,0.221980883,1.348858989,26.11702215,33.05609899
NB-154-034,230,2.273311206,15.40386935,-0.015511867,-0.129588429,0.04357158,0.295805475,24.62737285,33.53232292
NB-154-035,240,1.901648489,13.23414513,0.005390344,-0.166902301,0.044909994,-0.219823942,23.77427809,35.33976346
NB-154-036,250,1.592895286,11.05684603,0.005927255,-0.129526088,0.02809828,-0.795068024,22.58725097,37.32099597
NB-154-037,260,1.460626267,9.006109114,-0.027678279,-0.160106411,0.027547313,-0.942275261,21.24126844,39.1233784
NB-154-038,270,1.338187037,7.223263293,-0.002290081,-0.134997546,0.017320073,-1.512394082,19.11581142,41.102363
NB-154-039,280,1.244196679,5.34432506,-0.021858719,-0.171016445,0.026730243,-1.204162018,17.97077197,43.39974939
NB-154-040,290,1.08674314,3.330165157,0.006542079,-0.169435822,0.006842752,-1.38441284,15.74356949,45.34484633
NB-154-041,300,0.763072623,1.935135707,-0.02715782,-0.130147348,0.003868731,-1.499756688,13.42680181,47.39611322
NB-154-042,310,0.517050022,0.097055429,-0.044236519,-0.106028642,0.007559299,-1.68047817,10.99041173,49.69863246
NB-154-043,320,0.503641844,0.025977532,-0.045019051,-0.169735039,-0.016393417,-1.349782838,9.000655414,51.65068128
NB-154-044,330,0.453784149,-0.024738258,-0.040652023,-0.171026833,0.009728183,-1.167241587,6.862459803,53.94262292
NB-154-045,340,0.378806916,-0.00723148,-0.012740433,-0.134448461,-0.008220476,-1.18174063,4.355063264,55.19682612
NB-154-046,350,0.359787436,0.012331265,0.004591163,-0.16959877,0.006929576,-0.76614023,2.372027713,56.98280256
NB-154-047,360,0.314207561,0.002164423,-0.017829556,-0.207290639,-0.042218868,-0.214445119,0.757356305,58.73631755
NB-154-048,370,0.342909173,0.002651215,-0.029282806,-0.230002774,-0.023755337,0.0227447,-0.156377221,60.86125017
NB-154-049,380,0.351242643,-0.024381332,-0.03145298,-0.233932108,0.014078627,0.021529523,-0.173833173,62.17091701
NB-154-050,390,0.364896478,0.052791414,-0.044188181,-0.190858255,0.013067436,0.017410882,-0.222660081,61.75675372
NB-154-051,400,0.370720443,0.046912464,-0.046948156,-0.206282754,4.78E-06,0.033101353,-0.186256301,61.93918631
