Reaction,well,ligand,catalyst_loading,time
1,A1,A,0.5,0.0
2,A2,A,0.5,0.17
3,A3,B,0.5,0.33
4,A4,B,0.5,0.5
5,B1,A,1.0,0.75
6,B2,A,1.0,1.0
7,B3,B,1.0,1.5
8,B4,B,1.0,2.0
9,C1,A,2.0,2.5
10,C2,A,2.0,3.0
11,C3,B,2.0,4.0
12,C4,B,2.0,6.0
13,D1,A,4.0,8.0
14,D2,A,4.0,12.0
15,D3,B,4.0,24.0
16,D4,B,4.0,
17,E1,A,5.0,
18,E2,A,5.0,
19,E3,B,5.0,
20,E4,B,5.0,
21,F1,A,6.0,
22,F2,A,6.0,
23,F3,B,6.0,
24,F4,B,6.0,
25,G1,A,7.5,
26,G2,A,7.5,
27,G3,B,7.5,
28,G4,B,7.5,
29,H1,A,10.0,
30,H2,A,10.0,
31,H3,B,10.0,
32,H4,B,10.0,
