Sample_Name,Starting_Material__Peak RT,Starting_Material__Peak Area,Starting_Material__Peak AP,Minor_Product__Peak RT,Minor_Product__Peak Area,Minor_Product__Peak AP,Product__Peak RT,Product__Peak Area,Product__Peak AP,Biphenyl__Peak RT,Biphenyl__Peak Area,Biphenyl__Peak AP,Sample_Number
NB-0123-0005-001,0.5,3127.139,100.0,1.1,0.0,0.0,1.36,0.0,0.0,2.21,1323.835,0,1
NB-0123-0005-002,0.5,2560.303,99.46481829034774,1.1,0.0,0.0,1.36,13.776,0.5351817096522679,2.21,1023.539,0,2
NB-0123-0005-003,0.5,3391.103,95.76954891963877,1.1,0.0,0.0,1.36,149.796,4.230451080361231,2.21,1610.469,0,3
NB-0123-0005-004,0.5,3064.076,99.5121621696231,1.1,0.0,0.0,1.36,15.021,0.48783783037689293,2.21,1123.033,0,4
NB-0123-0005-005,0.5,2745.436,98.64775230231363,1.1,37.634,1.352247697686368,1.36,0.0,0.0,2.21,1161.968,0,5
NB-0123-0005-006,0.5,2700.645,99.266668038915,1.1,0.0,0.0,1.36,19.951,0.7333319610849977,2.21,1061.138,0,6
NB-0123-0005-007,0.5,2992.604,99.35350258310129,1.1,0.0,0.0,1.36,19.473,0.6464974168987049,2.21,1110.067,0,7
NB-0123-0005-008,0.5,3050.858,99.46703920996477,1.1,0.0,0.0,1.36,16.347,0.5329607900352274,2.21,1108.058,0,8
NB-0123-0005-009,0.5,2797.68,99.2600766000777,1.1,0.0,0.0,1.36,20.855,0.7399233999223,2.21,1123.368,0,9
NB-0123-0005-010,0.5,2914.003,98.9819207024516,1.1,0.0,0.0,1.36,29.972,1.0180792975483826,2.21,1130.68,0,10
NB-0123-0005-011,0.5,2857.273,98.96205408554395,1.1,0.0,0.0,1.36,29.968,1.03794591445605,2.21,1065.109,0,11
NB-0123-0005-012,0.5,3076.993,98.77302248062414,1.1,0.0,0.0,1.36,38.223,1.2269775193758634,2.21,1127.212,0,12
NB-0123-0005-013,0.5,2846.959,98.69773962627444,1.1,0.0,0.0,1.36,37.564,1.3022603737255694,2.21,1128.97,0,13
NB-0123-0005-014,0.5,2813.742,97.63794445994395,1.1,0.0,0.0,1.36,68.07,2.3620555400560477,2.21,1107.438,0,14
NB-0123-0005-015,0.5,2959.826,97.5034037606243,1.1,0.0,0.0,1.36,75.787,2.4965962393757044,2.21,1143.331,0,15
NB-0123-0005-016,0.5,3006.87,97.00522534607391,1.1,0.0,0.0,1.36,92.829,2.9947746539260747,2.21,1161.109,0,16
NB-0123-0005-017,0.5,2775.183,98.13311843302883,1.1,0.0,0.0,1.36,52.795,1.8668815669711716,2.21,1099.662,0,17
NB-0123-0005-018,0.5,2930.297,96.94030504981333,1.1,0.0,0.0,1.36,92.488,3.0596949501866657,2.21,1149.16,0,18
NB-0123-0005-019,0.5,2728.771,94.7412624317113,1.1,47.647,1.654274737998809,1.36,103.817,3.6044628302898887,2.21,1091.812,0,19
NB-0123-0005-020,0.5,2885.027,93.98896511461984,1.1,51.434,1.675626755557351,1.36,133.077,4.3354081298227936,2.21,1149.682,0,20
NB-0123-0005-021,0.5,2783.601,97.39405566182344,1.1,0.0,0.0,1.36,74.48,2.6059443381765597,2.21,1125.131,0,21
NB-0123-0005-022,0.5,2833.449,96.09693908697616,1.1,0.0,0.0,1.36,115.083,3.903060913023837,2.21,1129.949,0,22
NB-0123-0005-023,0.5,2653.386,93.94289258822992,1.1,39.67,1.404512780641445,1.36,131.411,4.652594631128634,2.21,1090.212,0,23
NB-0123-0005-024,0.5,2946.606,93.32321959067845,1.1,45.568,1.4432036282787841,1.36,165.246,5.233576781042749,2.21,1172.225,0,24
NB-0123-0005-025,0.5,2918.26,96.88984095279581,1.1,0.0,0.0,1.36,93.676,3.1101590472041902,2.21,1176.853,0,25
NB-0123-0005-026,0.5,2861.049,94.96674892994123,1.1,0.0,0.0,1.36,151.636,5.0332510700587685,2.21,1145.494,0,26
NB-0123-0005-027,0.5,2552.944,92.467617513961,1.1,43.273,1.5673478198823139,1.36,164.689,5.965034666156689,2.21,1057.921,0,27
NB-0123-0005-028,0.5,2951.833,92.61716011940509,1.1,41.682,1.307820756830431,1.36,193.619,6.075019123764486,2.21,1172.188,0,28
NB-0123-0005-029,0.5,2795.336,95.24156080621576,1.1,0.0,0.0,1.36,139.66,4.758439193784251,2.21,1139.138,0,29
NB-0123-0005-030,0.5,2830.502,93.27070695554148,1.1,0.0,0.0,1.36,204.215,6.729293044458511,2.21,1149.521,0,30
NB-0123-0005-031,0.5,2844.739,92.39381369099895,1.1,0.0,0.0,1.36,234.189,7.606186309001055,2.21,1154.605,0,31
NB-0123-0005-032,0.5,2900.365,90.77003676349776,1.1,0.0,0.0,1.36,294.924,9.229963236502238,2.21,1184.413,0,32
NB-0123-0005-033,0.5,3328.858,97.98035305631389,1.1,39.546,1.163982074923289,1.36,29.071,0.8556648687628313,2.21,1242.452,0,33
NB-0123-0005-034,0.5,3211.726,99.32529117441766,1.1,0.0,0.0,1.36,21.817,0.6747088255823411,2.21,1162.26,0,34
NB-0123-0005-035,0.5,3691.182,98.33200800789601,1.1,0.0,0.0,1.36,62.613,1.667991992103991,2.21,1799.635,0,35
NB-0123-0005-036,0.5,3330.092,98.44301740501325,1.1,31.975,0.945233789794786,1.36,20.694,0.6117488051919717,2.21,1207.404,0,36
NB-0123-0005-037,0.5,3122.498,98.05602433361115,1.1,0.0,0.0,1.36,61.904,1.9439756663888543,2.21,1182.056,0,37
NB-0123-0005-038,0.5,3166.798,98.1666434693009,1.1,0.0,0.0,1.36,59.143,1.8333565306991046,2.21,1152.103,0,38
NB-0123-0005-039,0.5,3106.083,97.05199173111629,1.1,38.78,1.211711418958441,1.36,55.569,1.73629684992526,2.21,1150.747,0,39
NB-0123-0005-040,0.5,3170.871,96.7703747921687,1.1,41.788,1.2753090308041999,1.36,64.037,1.9543161770271031,2.21,1189.038,0,40
NB-0123-0005-041,0.5,2990.427,91.72771005176814,1.1,49.427,1.516113091785469,1.36,220.259,6.756176856446386,2.21,1208.644,0,41
NB-0123-0005-042,0.5,3059.573,94.00230737206913,1.1,0.0,0.0,1.36,195.212,5.997692627930877,2.21,1178.252,0,42
NB-0123-0005-043,0.5,2883.471,92.677369588275,1.1,49.707,1.597628001157073,1.36,178.122,5.725002410567931,2.21,1151.438,0,43
NB-0123-0005-044,0.5,3069.783,93.27316232044785,1.1,34.021,1.033703768410978,1.36,187.371,5.693133911141158,2.21,1197.913,0,44
NB-0123-0005-045,0.5,2602.753,81.83509747727155,1.1,0.0,0.0,1.36,577.732,18.16490252272845,2.21,1187.702,0,45
NB-0123-0005-046,0.5,2653.541,82.41447863514911,1.1,0.0,0.0,1.36,566.21,17.585521364850884,2.21,1161.34,0,46
NB-0123-0005-047,0.5,2670.717,83.51079564109381,1.1,35.642,1.114491643345164,1.36,491.691,15.374712715561051,2.21,1189.585,0,47
NB-0123-0005-048,0.5,2658.498,83.30285003438969,1.1,33.836,1.060235980528708,1.36,499.031,15.636913985081621,2.21,1185.113,0,48
NB-0123-0005-049,0.5,2321.624,74.12976022386853,1.1,0.0,0.0,1.36,810.214,25.870239776131466,2.21,1191.561,0,49
NB-0123-0005-050,0.5,2298.696,74.43876949621054,1.1,37.272,1.206980747633771,1.36,752.068,24.354249756155692,2.21,1138.125,0,50
NB-0123-0005-051,0.5,2358.471,77.72543289165894,1.1,48.071,1.5842209993402232,1.36,627.82,20.69034610900084,2.21,1141.279,0,51
NB-0123-0005-052,0.5,2441.77,77.48984159102075,1.1,41.073,1.30345620745115,1.36,668.241,21.20670220152811,2.21,1179.035,0,52
NB-0123-0005-053,0.5,2197.254,68.2096130599635,1.1,0.0,0.0,1.36,1024.072,31.79038694003649,2.21,1211.772,0,53
NB-0123-0005-054,0.5,2153.935,68.88551451260749,1.1,34.864,1.1149939891257379,1.36,938.034,29.999491498266778,2.21,1149.188,0,54
NB-0123-0005-055,0.5,2283.358,73.85824739183468,1.1,41.075,1.328625433076902,1.36,767.108,24.813127175088407,2.21,1157.329,0,55
NB-0123-0005-056,0.5,2218.545,72.50924282079909,1.1,38.11,1.245558347430705,1.36,803.017,26.24519883177021,2.21,1141.878,0,56
NB-0123-0005-057,0.5,1899.422,59.69375953819426,1.1,38.121,1.198041197456649,1.36,1244.401,39.10819926434909,2.21,1199.298,0,57
NB-0123-0005-058,0.5,1992.979,61.117527207246106,1.1,33.957,1.041339558207315,1.36,1233.96,37.84113323454658,2.21,1192.495,0,58
NB-0123-0005-059,0.5,2090.468,67.40494564153691,1.1,30.643,0.9880513594532974,1.36,980.246,31.607002999009794,2.21,1142.303,0,59
NB-0123-0005-060,0.5,2259.003,68.32384795529285,1.1,31.032,0.9385669916103022,1.36,1016.282,30.73758505309684,2.21,1216.901,0,60
NB-0123-0005-061,0.5,1487.42,47.2119937292752,1.1,39.953,1.2681426802555649,1.36,1623.14,51.51986359046923,2.21,1180.343,0,61
NB-0123-0005-062,0.5,1631.075,50.74549829414609,1.1,37.435,1.1646660813520888,1.36,1545.716,48.089835624501816,2.21,1184.866,0,62
NB-0123-0005-063,0.5,1971.652,61.35606522442018,1.1,32.899,1.023787762657,1.36,1208.908,37.62014701292283,2.21,1179.018,0,63
NB-0123-0005-064,0.5,1743.565,56.46844880298476,1.1,38.052,1.2323815939475589,1.36,1306.063,42.29916960306768,2.21,1147.638,0,64
NB-0123-0005-065,0.5,3794.208,99.35431093942547,1.1,0.0,0.0,1.36,24.658,0.6456890605745267,2.21,1316.697,0,65
NB-0123-0005-066,0.5,3445.222,98.41191401552437,1.1,27.156,0.7757044210810159,1.36,28.44,0.8123815633946122,2.21,1230.243,0,66
NB-0123-0005-067,0.5,2618.887,97.59032059002395,1.1,26.635,0.9925278138824959,1.36,38.03,1.417151596093535,2.21,1287.237,0,67
NB-0123-0005-068,0.5,3327.898,98.40425280259643,1.1,27.013,0.7987606834574069,1.36,26.953,0.7969865139461552,2.21,1198.832,0,68
NB-0123-0005-069,0.5,3428.367,97.70107867201172,1.1,0.0,0.0,1.36,80.67,2.298921327988277,2.21,1217.203,0,69
NB-0123-0005-070,0.5,3229.022,96.45413247432289,1.1,27.841,0.8316386516467289,1.36,90.865,2.714228874030387,2.21,1176.321,0,70
NB-0123-0005-071,0.5,3053.601,95.6751620016581,1.1,47.555,1.4899891403588261,1.36,90.478,2.834848857983089,2.21,1161.4,0,71
NB-0123-0005-072,0.5,3539.51,96.86624422758727,1.1,30.744,0.841375165639578,1.36,83.764,2.292380606773146,2.21,1278.786,0,72
NB-0123-0005-073,0.5,3156.639,90.65083948486516,1.1,26.503,0.7611003978812214,1.36,299.053,8.588060117253628,2.21,1202.032,0,73
NB-0123-0005-074,0.5,3141.204,90.34015561885892,1.1,27.49,0.7906047738263515,1.36,308.391,8.869239607314748,2.21,1227.511,0,74
NB-0123-0005-075,0.5,3110.25,90.98576172656618,1.1,33.442,0.9782962281680978,1.36,274.7,8.035942045265728,2.21,1234.075,0,75
NB-0123-0005-076,0.5,3212.233,90.95849767395897,1.1,33.796,0.9569770895788434,1.36,285.508,8.084525236462198,2.21,1254.725,0,76
NB-0123-0005-077,0.5,2543.208,75.41417320593146,1.1,30.392,0.9012190713754711,1.36,798.721,23.68460772269307,2.21,1188.346,0,77
NB-0123-0005-078,0.5,2364.335,71.92243576873703,1.1,30.807,0.9371406669221924,1.36,892.198,27.140423564340782,2.21,1184.536,0,78
NB-0123-0005-079,0.5,2528.122,76.38945501715205,1.1,36.963,1.116869923919412,1.36,744.432,22.493675058928538,2.21,1226.937,0,79
NB-0123-0005-080,0.5,2679.248,78.54364998630963,1.1,36.308,1.064389277776051,1.36,695.602,20.39196073591431,2.21,1218.199,0,80
NB-0123-0005-081,0.5,2245.875,65.98210099172562,1.1,31.641,0.9295885378657274,1.36,1126.248,33.088310470408636,2.21,1210.881,0,81
NB-0123-0005-082,0.5,2251.986,63.84441597447115,1.1,32.349,0.9171029537298042,1.36,1242.968,35.23848107179905,2.21,1263.59,0,82
NB-0123-0005-083,0.5,2260.454,69.08203524921076,1.1,37.696,1.152032468147659,1.36,973.98,29.76593228264158,2.21,1212.767,0,83
NB-0123-0005-084,0.5,2353.802,69.68539754955584,1.1,30.434,0.9010126548550738,1.36,993.519,29.41358979558908,2.21,1229.705,0,84
NB-0123-0005-085,0.5,2016.964,58.99049291428765,1.1,33.496,0.9796632714599662,1.36,1368.674,40.02984381425238,2.21,1213.445,0,85
NB-0123-0005-086,0.5,1984.55,55.975348338692385,1.1,33.483,0.9444068370282619,1.36,1527.367,43.080244824279355,2.21,1264.976,0,86
NB-0123-0005-087,0.5,2083.341,63.63631642996081,1.1,29.306,0.8951611326693188,1.36,1161.177,35.468522437369884,2.21,1206.086,0,87
NB-0123-0005-088,0.5,2090.071,62.683105677426894,1.1,26.769,0.8028263422051407,1.36,1217.505,36.51406798036796,2.21,1215.965,0,88
NB-0123-0005-089,0.5,1842.389,50.745878525364,1.1,36.908,1.01657624129005,1.36,1751.321,48.237545233345955,2.21,1299.743,0,89
NB-0123-0005-090,0.5,1505.099,45.80040916398298,1.1,33.773,1.027717923336071,1.36,1747.341,53.17187291268095,2.21,1181.67,0,90
NB-0123-0005-091,0.5,1829.609,54.768545958534645,1.1,30.69,0.9186917398566734,1.36,1480.321,44.312762301608686,2.21,1219.447,0,91
NB-0123-0005-092,0.5,2005.275,57.7087612333189,1.1,33.675,0.9691152258578071,1.36,1435.869,41.32212354082327,2.21,1253.566,0,92
NB-0123-0005-093,0.5,1232.868,34.998728215004334,1.1,38.996,1.107020707384983,1.36,2250.744,63.894251077610676,2.21,1280.415,0,93
NB-0123-0005-094,0.5,1213.797,34.90185016493451,1.1,36.59,1.052118844860346,1.36,2227.357,64.04603099020514,2.21,1262.833,0,94
NB-0123-0005-095,0.5,1654.152,46.53888312442465,1.1,33.523,0.9431557553236266,1.36,1866.669,52.517961120251734,2.21,1288.735,0,95
NB-0123-0005-096,0.5,1542.157,46.02025042971734,1.1,41.523,1.239107859052712,1.36,1767.36,52.74064171122994,2.21,1198.011,0,96
NB-0123-0005-097,0.5,3078.702,99.31732488909192,1.1,0.0,0.0,1.36,21.162,0.6826751109080914,2.21,1090.555,0,97
NB-0123-0005-098,0.5,2663.973,98.61230645195323,1.1,13.066,0.4836642098479305,1.36,24.422,0.9040293381988487,2.21,1158.117,0,98
NB-0123-0005-099,0.5,3365.77,98.43643250882069,1.1,27.679,0.809509269917923,1.36,25.783,0.7540582212613828,2.21,1232.139,0,99
NB-0123-0005-100,0.5,2662.17,98.7255867251862,1.1,15.407,0.5713628786572397,1.36,18.958,0.703050396156549,2.21,1116.246,0,100
NB-0123-0005-101,0.5,2850.409,96.4697803545991,1.1,15.182,0.5138224743689498,1.36,89.126,3.0163971710319473,2.21,1125.637,0,101
NB-0123-0005-102,0.5,2638.242,95.72332329020011,1.1,14.821,0.5377502801047273,1.36,103.049,3.738926429695165,2.21,1165.938,0,102
NB-0123-0005-103,0.5,2674.973,96.68285895003163,1.1,16.181,0.5848378060901781,1.36,75.596,2.732303243878197,2.21,1147.797,0,103
NB-0123-0005-104,0.5,2615.387,96.4696947398046,1.1,16.04,0.5916424237126151,1.36,79.67,2.9386628364827962,2.21,1118.828,0,104
NB-0123-0005-105,0.5,2622.57,86.59733561391663,1.1,18.288,0.6038702775168278,1.36,387.607,12.79879410856655,2.21,1090.899,0,105
NB-0123-0005-106,0.5,2522.898,86.71272284833424,1.1,17.771,0.6107943316526264,1.36,368.821,12.67648282001313,2.21,1201.853,0,106
NB-0123-0005-107,0.5,2526.181,89.05181767611853,1.1,20.724,0.730553301414222,1.36,289.849,10.21762902246723,2.21,1155.467,0,107
NB-0123-0005-108,0.5,2594.493,88.61784480273468,1.1,19.761,0.6749593200470535,1.36,313.478,10.70719587721827,2.21,1196.176,0,108
NB-0123-0005-109,0.5,2187.608,68.64908102639352,1.1,20.301,0.6370634016317432,1.36,978.744,30.71385557197473,2.21,1151.437,0,109
NB-0123-0005-110,0.5,2062.264,64.02852412964023,1.1,20.117,0.6245862895904561,1.36,1138.471,35.34688958076931,2.21,1302.044,0,110
NB-0123-0005-111,0.5,2141.103,72.29975434123774,1.1,28.061,0.9475505879770718,1.36,792.261,26.752695070785183,2.21,1196.093,0,111
NB-0123-0005-112,0.5,2176.132,71.84773166764118,1.1,22.414,0.7400263667822127,1.36,830.265,27.41224196557659,2.21,1194.531,0,112
NB-0123-0005-113,0.5,1978.144,55.86146912311221,1.1,24.173,0.6826294208677383,1.36,1538.843,43.45590145602006,2.21,1418.12,0,113
NB-0123-0005-114,0.5,1813.052,57.32890989026556,1.1,21.492,0.6795794777875027,1.36,1328.0,41.99151063194694,2.21,1178.895,0,114
NB-0123-0005-115,0.5,2024.466,65.98029064406906,1.1,27.533,0.8973405047568858,1.36,1016.29,33.12236885117406,2.21,1113.731,0,115
NB-0123-0005-116,0.5,2070.072,64.98535212045795,1.1,23.115,0.7256445255355297,1.36,1092.257,34.28900335400654,2.21,1187.765,0,116
NB-0123-0005-117,0.5,1534.041,49.53533609182456,1.1,22.544,0.7279626925578214,1.36,1540.277,49.736701215617614,2.21,1155.958,0,117
NB-0123-0005-118,0.5,1467.681,47.47711674921976,1.1,23.293,0.7534910382021541,1.36,1600.37,51.76939221257808,2.21,1166.995,0,118
NB-0123-0005-119,0.5,1765.953,58.539251015762595,1.1,32.644,1.082109948655799,1.36,1218.102,40.37863903558161,2.21,1125.751,0,119
NB-0123-0005-120,0.5,1821.907,57.70455281122933,1.1,23.301,0.738003523261316,1.36,1312.094,41.55744366550935,2.21,1205.578,0,120
NB-0123-0005-121,0.5,1273.728,39.84762069227658,1.1,23.945,0.7491012818094307,1.36,1898.824,59.403278025913984,2.21,1199.124,0,121
NB-0123-0005-122,0.5,1098.825,36.521053303305315,1.1,24.624,0.8184145942625894,1.36,1885.295,62.66053210243212,2.21,1138.86,0,122
NB-0123-0005-123,0.5,1432.392,47.91639138450176,1.1,30.425,1.0177774016285108,1.36,1526.54,51.06583121386974,2.21,1143.814,0,123
NB-0123-0005-124,0.5,1613.244,50.3970864705695,1.1,23.456,0.7327559006905825,1.36,1564.366,48.87015762873993,2.21,1200.064,0,124
NB-0123-0005-125,0.5,734.37,24.08464603405375,1.1,25.991,0.8524095960770334,1.36,2288.76,75.06294436986923,2.21,1164.465,0,125
NB-0123-0005-126,0.5,736.98,23.89451630285711,1.1,26.9,0.8721573021613289,1.36,2320.426,75.23332639498156,2.21,1179.834,0,126
NB-0123-0005-127,0.5,1263.341,40.555300347628496,1.1,39.266,1.26050244823051,1.36,1812.5,58.184197204140986,2.21,1173.545,0,127
NB-0123-0005-128,0.5,1125.952,36.32539130502112,1.1,28.022,0.9040439691472655,1.36,1945.654,62.770564725831626,2.21,1168.984,0,128
NB-0123-0005-129,0.5,2814.804,98.28161056194111,1.1,15.244,0.5322590387843096,1.36,33.971,1.186130399274586,2.21,1217.425,0,129
NB-0123-0005-130,0.5,2730.78,98.11232628659299,1.1,17.129,0.6154161217538767,1.36,35.411,1.272257591653134,2.21,1211.601,0,130
NB-0123-0005-131,0.5,3409.892,98.46854898676696,1.1,0.0,0.0,1.36,53.033,1.5314510132330328,2.21,1700.135,0,131
NB-0123-0005-132,0.5,2888.424,97.22374065267675,1.1,23.109,0.7778440501611631,1.36,59.371,1.998415297162076,2.21,1163.638,0,132
NB-0123-0005-133,0.5,2831.274,94.95378368126788,1.1,15.456,0.5183552282745069,1.36,135.009,4.527861090457614,2.21,1245.322,0,133
NB-0123-0005-134,0.5,2809.158,93.49965950597414,1.1,23.312,0.7759136589694383,1.36,171.988,5.724426835056439,2.21,1231.723,0,134
NB-0123-0005-135,0.5,2861.958,95.30437574051788,1.1,25.77,0.8581515741436967,1.36,115.238,3.837472685338429,2.21,1252.436,0,135
NB-0123-0005-136,0.5,2754.397,94.84488691360201,1.1,28.337,0.9757560585749768,1.36,121.373,4.179357027823011,2.21,1228.089,0,136
NB-0123-0005-137,0.5,2245.789,82.07327207835921,1.1,17.641,0.6446975173243499,1.36,472.892,17.28203040431645,2.21,1074.826,0,137
NB-0123-0005-138,0.5,2538.675,82.7635749313258,1.1,18.328,0.5975127975583087,1.36,510.379,16.638912271115892,2.21,1295.133,0,138
NB-0123-0005-139,0.5,2594.56,85.37452538356773,1.1,25.243,0.8306260576966423,1.36,419.23,13.794848558735632,2.21,1246.814,0,139
NB-0123-0005-140,0.5,2634.714,85.46754524513682,1.1,20.336,0.6596799501217598,1.36,427.657,13.87277480474142,2.21,1227.669,0,140
NB-0123-0005-141,0.5,1965.794,59.163474433644495,1.1,22.355,0.6728067493156061,1.36,1334.499,40.1637188170399,2.21,1253.619,0,141
NB-0123-0005-142,0.5,1767.254,54.92926270783168,1.1,22.139,0.688117807111307,1.36,1427.934,44.382619485057,2.21,1297.65,0,142
NB-0123-0005-143,0.5,2166.983,65.55927003854323,1.1,20.988,0.6349648149380706,1.36,1117.409,33.80576514651871,2.21,1280.895,0,143
NB-0123-0005-144,0.5,2208.081,64.9119810539226,1.1,21.984,0.6462738420780009,1.36,1171.589,34.4417451039994,2.21,1321.067,0,144
NB-0123-0005-145,0.5,1539.248,46.91733576853698,1.1,24.625,0.7505869056189927,1.36,1716.893,52.332077325844025,2.21,1243.507,0,145
NB-0123-0005-146,0.5,1519.65,45.860872541087375,1.1,24.522,0.740039032969792,1.36,1769.437,53.39908842594283,2.21,1251.186,0,146
NB-0123-0005-147,0.5,1860.13,56.650605616606356,1.1,20.599,0.6273463817563688,1.36,1402.784,42.72204800163727,2.21,1243.729,0,147
NB-0123-0005-148,0.5,1785.178,55.88482050395882,1.1,20.582,0.6443174717661099,1.36,1388.628,43.47086202427507,2.21,1197.933,0,148
NB-0123-0005-149,0.5,1241.362,37.840957033012316,1.1,26.529,0.8086946024840327,1.36,2012.581,61.35034836450364,2.21,1243.252,0,149
NB-0123-0005-150,0.5,1131.917,35.71013485034716,1.1,25.609,0.807922173960229,1.36,2012.21,63.48194297569262,2.21,1205.26,0,150
NB-0123-0005-151,0.5,1689.28,49.3782412801489,1.1,19.913,0.5820639080623728,1.36,1711.909,50.03969481178871,2.21,1289.634,0,151
NB-0123-0005-152,0.5,1593.703,47.891897999494546,1.1,21.06,0.6328678379028936,1.36,1712.946,51.475234162602554,2.21,1244.433,0,152
NB-0123-0005-153,0.5,976.522,26.552497577971913,1.1,32.108,0.8730449413669347,1.36,2669.073,72.57445748066115,2.21,1447.366,0,153
NB-0123-0005-154,0.5,801.072,24.86825819562079,1.1,27.566,0.8557513000335584,1.36,2392.625,74.27599050434566,2.21,1233.321,0,154
NB-0123-0005-155,0.5,1281.721,38.51504502162811,1.1,19.059,0.5727129719082469,1.36,2027.065,60.912242006463636,2.21,1244.631,0,155
NB-0123-0005-156,0.5,1472.252,41.239205272784815,1.1,21.89,0.6131601135004469,1.36,2075.888,58.14763461371473,2.21,1325.416,0,156
NB-0123-0005-157,0.5,417.401,13.163146306096978,1.1,29.606,0.9336539910980258,1.36,2723.975,85.903199702805,2.21,1228.885,0,157
NB-0123-0005-158,0.5,455.574,14.19486145354828,1.1,29.187,0.9094141045027013,1.36,2724.668,84.89572444194901,2.21,1235.861,0,158
NB-0123-0005-159,0.5,972.143,30.088121706500743,1.1,18.054,0.5587767944522198,1.36,2240.789,69.35310149904704,2.21,1222.131,0,159
NB-0123-0005-160,0.5,842.792,26.4754934437348,1.1,16.174,0.5080905264394616,1.36,2324.325,73.01641602982573,2.21,1197.98,0,160
NB-0123-0005-161,0.5,3169.342,97.99792275480188,1.1,18.777,0.5805959077836709,1.36,45.972,1.421481337414439,2.21,1438.071,0,161
NB-0123-0005-162,0.5,3508.326,97.78019449427141,1.1,22.954,0.6397485822074419,1.36,56.692,1.5800569235211421,2.21,1648.021,0,162
NB-0123-0005-163,0.5,4210.476,96.36171517278265,1.1,10.351,0.236894857910002,1.36,148.622,3.4013899693073433,2.21,2077.084,0,163
NB-0123-0005-164,0.5,2946.144,98.38412145871207,1.1,16.579,0.5536424389520632,1.36,31.809,1.062236102335857,2.21,1242.33,0,164
NB-0123-0005-165,0.5,3096.428,94.15527391262042,1.1,17.957,0.5460311861438164,1.36,174.255,5.298694901235769,2.21,1422.716,0,165
NB-0123-0005-166,0.5,3109.593,93.50219052286894,1.1,19.171,0.5764518039865412,1.36,196.926,5.921357673144521,2.21,1477.742,0,166
NB-0123-0005-167,0.5,3047.111,94.58574535787776,1.1,27.157,0.842983759595199,1.36,147.265,4.5712708825270445,2.21,1385.46,0,167
NB-0123-0005-168,0.5,3124.974,94.9442452371013,1.1,18.896,0.5741060431223639,1.36,147.508,4.481648719776337,2.21,1386.881,0,168
NB-0123-0005-169,0.5,2612.59,79.53436024764548,1.1,18.664,0.5681830289720374,1.36,653.603,19.897456723382483,2.21,1405.545,0,169
NB-0123-0005-170,0.5,2660.39,79.48789809830674,1.1,20.009,0.5978346607260663,1.36,666.513,19.914267240967202,2.21,1402.31,0,170
NB-0123-0005-171,0.5,2747.5,83.92554681426566,1.1,21.132,0.6455012394100317,1.36,505.103,15.428951946324302,2.21,1333.938,0,171
NB-0123-0005-172,0.5,2724.292,83.0205261791369,1.1,21.198,0.6459913672783035,1.36,535.978,16.3334824535848,2.21,1324.354,0,172
NB-0123-0005-173,0.5,1710.073,51.266498263908666,1.1,23.43,0.7024109814746973,1.36,1602.151,48.03109075461664,2.21,1333.353,0,173
NB-0123-0005-174,0.5,1655.287,47.50247730535755,1.1,24.905,0.71470941129238,1.36,1804.441,51.78281328335007,2.21,1414.364,0,174
NB-0123-0005-175,0.5,2109.032,60.487876509090825,1.1,24.023,0.6889891937997569,1.36,1353.647,38.823134297109405,2.21,1373.799,0,175
NB-0123-0005-176,0.5,2009.109,60.11997008827193,1.1,21.5,0.6433594976170265,1.36,1311.224,39.23667041411106,2.21,1314.962,0,176
NB-0123-0005-177,0.5,1280.639,37.400135975113294,1.1,26.274,0.7673131714793369,1.36,2117.243,61.83255085340738,2.21,1377.547,0,177
NB-0123-0005-178,0.5,1238.775,35.5184848657751,1.1,27.256,0.781491250228303,1.36,2221.66,63.70002388399661,2.21,1397.007,0,178
NB-0123-0005-179,0.5,1621.9,50.55829525121728,1.1,21.676,0.6756899980673196,1.36,1564.404,48.7660147507154,2.21,1251.243,0,179
NB-0123-0005-180,0.5,1694.442,49.51465502781624,1.1,22.456,0.6562048705737,1.36,1705.204,49.82914010161006,2.21,1326.122,0,180
NB-0123-0005-181,0.5,867.74,27.24298447783443,1.1,26.801,0.841426264768756,1.36,2290.646,71.91558925739682,2.21,1266.566,0,181
NB-0123-0005-182,0.5,914.667,25.395699373150336,1.1,30.582,0.8491082308968003,1.36,2656.412,73.75519239595288,2.21,1436.081,0,182
NB-0123-0005-183,0.5,1499.983,43.127361429498464,1.1,22.815,0.6559746017214915,1.36,1955.233,56.21666396878003,2.21,1341.82,0,183
NB-0123-0005-184,0.5,1431.961,40.89196602333362,1.1,23.053,0.6583157591134884,1.36,2046.801,58.449718217552906,2.21,1348.453,0,184
NB-0123-0005-185,0.5,648.589,18.27094644882386,1.1,31.489,0.8870545641801117,1.36,2869.76,80.84199898699603,2.21,1403.303,0,185
NB-0123-0005-186,0.5,500.363,14.581291612135768,1.1,31.745,0.9250945857852202,1.36,2899.433,84.49361380207901,2.21,1373.971,0,186
NB-0123-0005-187,0.5,1165.148,32.27750809397684,1.1,23.295,0.6453296500094327,1.36,2421.34,67.07716225601372,2.21,1377.432,0,187
NB-0123-0005-188,0.5,1245.261,33.70396313423924,1.1,24.445,0.6616230483541028,1.36,2424.996,65.63441381740665,2.21,1410.183,0,188
NB-0123-0005-189,0.5,202.425,6.177072099865795,1.1,31.348,0.9565955597707442,1.36,3043.265,92.86633234036346,2.21,1295.762,0,189
NB-0123-0005-190,0.5,215.497,6.271178252938911,1.1,33.891,0.9862619997974571,1.36,3186.92,92.74255974726363,2.21,1375.433,0,190
NB-0123-0005-191,0.5,850.717,23.83418106835625,1.1,23.649,0.662564105437598,1.36,2694.949,75.50325482620615,2.21,1357.534,0,191
NB-0123-0005-192,0.5,653.757,20.19749618607387,1.1,17.312,0.5348455985531487,1.36,2565.753,79.26765821537299,2.21,1237.687,0,192
NB-0123-0005-193,0.5,2897.585,97.34428395006981,1.1,24.071,0.8086645461520994,1.36,54.98,1.84705150377809,2.21,1471.91,0,193
NB-0123-0005-194,0.5,2903.897,97.2643758932546,1.1,25.174,0.8431887903519962,1.36,56.5,1.8924353163934138,2.21,1555.032,0,194
NB-0123-0005-195,0.5,3218.447,98.62193607379254,1.1,0.0,0.0,1.36,44.972,1.378063926207453,2.21,1694.998,0,195
NB-0123-0005-196,0.5,2772.165,97.84627472130296,1.1,23.602,0.8330556716401054,1.36,37.417,1.320669607056937,2.21,1343.873,0,196
NB-0123-0005-197,0.5,2632.922,92.4313247911106,1.1,24.264,0.8518116619981555,1.36,191.331,6.716863546891242,2.21,1388.44,0,197
NB-0123-0005-198,0.5,2494.381,91.32146579684112,1.1,25.32,0.9269873022509463,1.36,211.728,7.751546900907913,2.21,1257.558,0,198
NB-0123-0005-199,0.5,2526.444,93.46036678411897,1.1,27.196,1.006057579372786,1.36,149.585,5.533575636508245,2.21,1240.142,0,199
NB-0123-0005-200,0.5,2650.402,93.66198875378477,1.1,24.943,0.8814553360153115,1.36,154.407,5.456555910199904,2.21,1368.971,0,200
NB-0123-0005-201,0.5,2195.807,74.00607941253689,1.1,26.947,0.9082045106558235,1.36,744.309,25.08571607680726,2.21,1362.914,0,201
NB-0123-0005-202,0.5,2484.455,73.55620571596398,1.1,31.602,0.935627013987331,1.36,861.571,25.508167270048688,2.21,1511.732,0,202
NB-0123-0005-203,0.5,2546.337,79.4627518496986,1.1,33.848,1.056284075756115,1.36,624.256,19.4809640745453,2.21,1433.812,0,203
NB-0123-0005-204,0.5,2516.625,79.54183775029624,1.1,33.094,1.045987216414167,1.36,614.182,19.4121750332896,2.21,1489.308,0,204
NB-0123-0005-205,0.5,1392.21,40.73147611775239,1.1,30.914,0.9044417528276606,1.36,1994.896,58.364082129419955,2.21,1469.062,0,205
NB-0123-0005-206,0.5,1253.231,36.51236311480162,1.1,29.599,0.8623545346668038,1.36,2149.517,62.62528235053158,2.21,1392.99,0,206
NB-0123-0005-207,0.5,1689.721,53.266601433202744,1.1,30.166,0.9509500673981054,1.36,1452.309,45.782448499399145,2.21,1321.928,0,207
NB-0123-0005-208,0.5,1821.474,52.85646631124792,1.1,32.754,0.950472363348922,1.36,1591.848,46.19306132540315,2.21,1472.305,0,208
NB-0123-0005-209,0.5,886.328,26.76823152535442,1.1,31.864,0.962333277662325,1.36,2392.927,72.26943519698325,2.21,1407.04,0,209
NB-0123-0005-210,0.5,875.444,24.60419284513206,1.1,32.203,0.9050594009345978,1.36,2650.462,74.49074775393333,2.21,1481.105,0,210
NB-0123-0005-211,0.5,1355.229,42.05788110647846,1.1,31.746,0.985198437759423,1.36,1835.32,56.956920455762116,2.21,1318.451,0,211
NB-0123-0005-212,0.5,1353.696,41.32386964977635,1.1,32.661,0.9970324996390217,1.36,1889.464,57.679097850584625,2.21,1363.354,0,212
NB-0123-0005-213,0.5,597.542,17.13250422619853,1.1,33.016,0.9466225964571038,1.36,2857.21,81.92087317734436,2.21,1473.374,0,213
NB-0123-0005-214,0.5,513.213,14.90739898909946,1.1,34.226,0.9941693561950262,1.36,2895.234,84.09843165470551,2.21,1415.574,0,214
NB-0123-0005-215,0.5,1132.585,34.28965789512724,1.1,31.796,0.9626420643337723,1.36,2138.612,64.74770004053899,2.21,1336.505,0,215
NB-0123-0005-216,0.5,1053.508,32.79387022317406,1.1,29.459,0.9170073914051764,1.36,2129.548,66.28912238542077,2.21,1302.956,0,216
NB-0123-0005-217,0.5,358.886,9.195935386617176,1.1,39.03,1.000087376324706,1.36,3504.743,89.80397723705812,2.21,1594.709,0,217
NB-0123-0005-218,0.5,221.798,6.278130481560727,1.1,34.159,0.966891762412794,1.36,3276.91,92.75497775602648,2.21,1444.69,0,218
NB-0123-0005-219,0.5,772.459,24.057443191833798,1.1,19.847,0.6181144565968232,1.36,2418.588,75.32444235156937,2.21,1271.209,0,219
NB-0123-0005-220,0.5,850.726,25.92649254868497,1.1,21.636,0.6593728095571876,1.36,2408.938,73.41413464175784,2.21,1363.269,0,220
NB-0123-0005-221,0.5,0.0,0.0,1.1,34.226,1.0053380495454889,1.36,3370.201,98.99466195045451,2.21,1453.69,0,221
NB-0123-0005-222,0.5,0.0,0.0,1.1,33.956,1.000729121170272,1.36,3359.17,98.99927087882972,2.21,1416.958,0,222
NB-0123-0005-223,0.5,507.865,15.95087958878506,1.1,17.024,0.5346849539138883,1.36,2659.042,83.51443545730105,2.21,1230.264,0,223
NB-0123-0005-224,0.5,462.584,13.540853753135778,1.1,20.507,0.600285111278288,1.36,2933.119,85.85886113558593,2.21,1345.716,0,224
NB-0123-0005-225,0.5,3293.841,97.00272439441787,1.1,28.596,0.8421444467971505,1.36,73.18,2.155131158784987,2.21,1777.053,0,225
NB-0123-0005-226,0.5,2821.731,97.06894030998286,1.1,21.865,0.752166801115264,1.36,63.339,2.1788928889018853,2.21,1483.216,0,226
NB-0123-0005-227,0.5,3257.039,98.15274940429498,1.1,36.346,1.095307679720293,1.36,24.952,0.7519429159847236,2.21,1208.476,0,227
NB-0123-0005-228,0.5,3030.11,97.84794013344295,1.1,21.862,0.7059650201469021,1.36,44.782,1.4460948464101442,2.21,1456.164,0,228
NB-0123-0005-229,0.5,3002.732,91.0089774442471,1.1,26.087,0.7906637004528124,1.36,270.561,8.200358855300086,2.21,1580.244,0,229
NB-0123-0005-230,0.5,2844.871,90.42281974974787,1.1,24.252,0.7708378427601411,1.36,277.064,8.806342407491991,2.21,1534.657,0,230
NB-0123-0005-231,0.5,3186.521,92.85035151195157,1.1,30.288,0.8825460264012035,1.36,215.08,6.267102461647216,2.21,1703.886,0,231
NB-0123-0005-232,0.5,2984.381,92.76739803882927,1.1,25.584,0.7952607630947283,1.36,207.093,6.437341198076006,2.21,1546.57,0,232
NB-0123-0005-233,0.5,2560.178,69.06173744013492,1.1,31.981,0.8626991658677464,1.36,1114.927,30.075563393997328,2.21,1653.353,0,233
NB-0123-0005-234,0.5,2528.488,69.81959480971618,1.1,29.789,0.8225690253569072,1.36,1063.182,29.357836164926898,2.21,1620.249,0,234
NB-0123-0005-235,0.5,2843.835,76.60999425122317,1.1,37.143,1.000594273744146,1.36,831.116,22.389411475032688,2.21,1613.315,0,235
NB-0123-0005-236,0.5,3034.834,76.53121875382205,1.1,37.175,0.9374641437302119,1.36,893.476,22.53131710244775,2.21,1824.713,0,236
NB-0123-0005-237,0.5,1286.973,32.71646961804055,1.1,32.949,0.8376049516538561,1.36,2613.794,66.44592543030559,2.21,1651.014,0,237
NB-0123-0005-238,0.5,1197.303,29.583102415391384,1.1,36.902,0.9117789275837217,1.36,2813.048,69.5051186570249,2.21,1733.465,0,238
NB-0123-0005-239,0.5,1991.505,47.79813516937874,1.1,35.368,0.8488677882659534,1.36,2139.618,51.352997042355305,2.21,1682.416,0,239
NB-0123-0005-240,0.5,2021.173,47.77067594802258,1.1,36.971,0.8738141962485856,1.36,2172.847,51.35550985572884,2.21,1805.101,0,240
NB-0123-0005-241,0.5,689.793,18.95235130509611,1.1,34.631,0.9515012156498883,1.36,2915.193,80.096147479254,2.21,1528.868,0,241
NB-0123-0005-242,0.5,688.501,17.21131160253202,1.1,35.208,0.8801379502745057,1.36,3276.573,81.90855044719348,2.21,1681.888,0,242
NB-0123-0005-243,0.5,1453.915,36.14623323788247,1.1,36.946,0.9185260026939717,1.36,2531.453,62.935240759423564,2.21,1599.685,0,243
NB-0123-0005-244,0.5,1382.732,36.28693068272803,1.1,38.048,0.9984907694451537,1.36,2389.771,62.714578547826804,2.21,1627.14,0,244
NB-0123-0005-245,0.5,364.41,10.2866056487836,1.1,33.89,0.9566506556825446,1.36,3144.268,88.75674369553387,2.21,1467.734,0,245
NB-0123-0005-246,0.5,337.532,8.808446329548714,1.1,35.343,0.9223330487931225,1.36,3459.038,90.26922062165816,2.21,1614.741,0,246
NB-0123-0005-247,0.5,1112.838,28.466739331796298,1.1,34.529,0.8832624716154502,1.36,2761.89,70.64999819658824,2.21,1524.918,0,247
NB-0123-0005-248,0.5,959.227,27.29012063987728,1.1,30.057,0.8551251748259707,1.36,2525.64,71.85475418529676,2.21,1443.711,0,248
NB-0123-0005-249,0.5,163.022,4.424854664497423,1.1,34.85,0.9459225445506447,1.36,3486.362,94.62922279095194,2.21,1499.933,0,249
NB-0123-0005-250,0.5,104.612,2.968232489791842,1.1,33.257,0.9436250899801866,1.36,3386.518,96.08814242022797,2.21,1481.636,0,250
NB-0123-0005-251,0.5,659.776,18.51078956243032,1.1,19.581,0.5493679224796719,1.36,2884.921,80.93984251509,2.21,1390.743,0,251
NB-0123-0005-252,0.5,787.662,20.462532171525698,1.1,31.495,0.8182030499658509,1.36,3030.132,78.71926477850846,2.21,1548.899,0,252
NB-0123-0005-253,0.5,0.0,0.0,1.1,33.333,0.965653859457718,1.36,3418.525,99.03434614054228,2.21,1422.411,0,253
NB-0123-0005-254,0.5,0.0,0.0,1.1,31.655,0.9453204324195186,1.36,3316.945,99.05467956758048,2.21,1391.092,0,254
NB-0123-0005-255,0.5,409.37,11.57560834364488,1.1,18.44,0.521421251818188,1.36,3108.678,87.90297040453693,2.21,1381.033,0,255
NB-0123-0005-256,0.5,323.2,9.584958258574416,1.1,16.535,0.49036907427452964,1.36,3032.215,89.92467266715106,2.21,1351.952,0,256
NB-0123-0005-257,0.5,2846.494,97.17570250687554,1.1,15.247,0.5205132826987625,1.36,67.483,2.303784210425696,2.21,1466.362,0,257
NB-0123-0005-258,0.5,3404.967,96.86854114563167,1.1,23.452,0.6671903213591657,1.36,86.62,2.464268533009164,2.21,1835.59,0,258
NB-0123-0005-259,0.5,3271.749,95.87183249976265,1.1,10.44,0.3059225910354132,1.36,130.439,3.82224490920194,2.21,1639.648,0,259
NB-0123-0005-260,0.5,2929.146,98.61312219708107,1.1,0.0,0.0,1.36,41.195,1.386877802918924,2.21,1402.58,0,260
NB-0123-0005-261,0.5,3031.177,90.21921304033495,1.1,21.625,0.6436412264929574,1.36,306.989,9.137145733172092,2.21,1631.839,0,261
NB-0123-0005-262,0.5,2814.136,89.51127424941711,1.1,19.907,0.6331964540744109,1.36,309.847,9.855529296508465,2.21,1596.084,0,262
NB-0123-0005-263,0.5,3022.202,92.54431158462815,1.1,21.522,0.6590355885954569,1.36,221.957,6.7966528267764055,2.21,1663.615,0,263
NB-0123-0005-264,0.5,2829.108,92.34571689235395,1.1,17.691,0.5774569502269385,1.36,216.806,7.076826157419119,2.21,1534.443,0,264
NB-0123-0005-265,0.5,2566.415,65.51611637518072,1.1,30.591,0.7809350849465707,1.36,1320.221,33.702948539872715,2.21,1731.062,0,265
NB-0123-0005-266,0.5,2739.633,66.03791276814019,1.1,32.161,0.7752298620056618,1.36,1376.782,33.18685736985413,2.21,1829.077,0,266
NB-0123-0005-267,0.5,2607.373,75.07664957839853,1.1,29.749,0.8565921516820868,1.36,835.826,24.06675826991939,2.21,1604.301,0,267
NB-0123-0005-268,0.5,2511.674,74.1391422829791,1.1,28.22,0.8329928944702497,1.36,847.89,25.027864822550672,2.21,1555.966,0,268
NB-0123-0005-269,0.5,1091.47,26.86817738161615,1.1,35.176,0.8659102014491737,1.36,2935.669,72.26591241693467,2.21,1686.106,0,269
NB-0123-0005-270,0.5,1014.189,23.67171351267578,1.1,37.022,0.8641132744155997,1.36,3233.181,75.46417321290862,2.21,1780.874,0,270
NB-0123-0005-271,0.5,1845.074,44.217653327850094,1.1,32.648,0.7824173696272615,1.36,2294.987,54.99992930252265,2.21,1758.132,0,271
NB-0123-0005-272,0.5,1592.371,43.76797930850611,1.1,28.384,0.7801638717940966,1.36,2017.455,55.4518568196998,2.21,1530.165,0,272
NB-0123-0005-273,0.5,568.342,13.863176679386441,1.1,37.882,0.9240296493458469,1.36,3493.428,85.2127936712677,2.21,1724.729,0,273
NB-0123-0005-274,0.5,522.116,12.27198453603401,1.1,37.626,0.8843737601468173,1.36,3694.794,86.84364170381916,2.21,1763.77,0,274
NB-0123-0005-275,0.5,1191.582,32.52381936288271,1.1,29.291,0.7994877339186034,1.36,2442.848,66.67669290319867,2.21,1506.626,0,275
NB-0123-0005-276,0.5,1158.134,31.9487709146443,1.1,24.184,0.6671499807446788,1.36,2442.654,67.384079104611,2.21,1499.07,0,276
NB-0123-0005-277,0.5,253.867,6.381248604941573,1.1,35.626,0.8955018289090291,1.36,3688.835,92.72324956614939,2.21,1642.481,0,277
NB-0123-0005-278,0.5,229.933,5.284089955901761,1.1,37.859,0.870037626789042,1.36,4083.629,93.84587241730918,2.21,1778.292,0,278
NB-0123-0005-279,0.5,933.274,24.82338809720889,1.1,26.188,0.6965530888996226,1.36,2800.194,74.48005881389147,2.21,1528.627,0,279
NB-0123-0005-280,0.5,862.888,23.06824488556345,1.1,19.451,0.5199984601351446,1.36,2858.249,76.41175665430141,2.21,1509.028,0,280
NB-0123-0005-281,0.5,88.365,2.241463149219578,1.1,35.698,0.9055140779815596,1.36,3818.228,96.85302277279887,2.21,1597.636,0,281
NB-0123-0005-282,0.5,49.355,1.3636189072647968,1.1,32.236,0.890641659296687,1.36,3537.822,97.74573943343852,2.21,1489.251,0,282
NB-0123-0005-283,0.5,585.08,15.230140204857731,1.1,18.794,0.48922413175992363,1.36,3237.719,84.28063566338236,2.21,1519.118,0,283
NB-0123-0005-284,0.5,685.413,16.76858760478945,1.1,20.981,0.513298896484437,1.36,3381.088,82.71811349872611,2.21,1630.695,0,284
NB-0123-0005-285,0.5,0.0,0.0,1.1,34.805,0.9117337952120944,1.36,3782.647,99.08826620478791,2.21,1566.557,0,285
NB-0123-0005-286,0.5,0.0,0.0,1.1,30.948,0.8863672489764589,1.36,3460.607,99.11363275102354,2.21,1402.589,0,286
NB-0123-0005-287,0.5,384.173,8.964033081053433,1.1,20.888,0.487386471712078,1.36,3880.655,90.54858044723449,2.21,1667.563,0,287
NB-0123-0005-288,0.5,255.855,6.985430127269673,1.1,14.723,0.40197177215138025,1.36,3392.117,92.61259810057895,2.21,1424.289,0,288
NB-0123-0005-289,0.5,4099.783,97.57176247491263,1.1,0.0,0.0,1.36,102.03,2.428237525087385,2.21,2044.404,0,289
NB-0123-0005-290,0.5,3414.817,97.50104144687309,1.1,0.0,0.0,1.36,87.522,2.4989585531269247,2.21,1721.004,0,290
NB-0123-0005-291,0.5,2945.021,98.60527268265031,1.1,17.119,0.5731788204750631,1.36,24.537,0.8215484968746202,2.21,1243.458,0,291
NB-0123-0005-292,0.5,3993.054,90.9151638431663,1.1,20.96,0.4772241582890604,1.36,378.052,8.60761199854465,2.21,1684.218,0,292
NB-0123-0005-293,0.5,3558.027,89.47846371824204,1.1,17.637,0.4435412279329625,1.36,400.742,10.07799505382499,2.21,1869.013,0,293
NB-0123-0005-294,0.5,3238.096,88.53028230972431,1.1,16.279,0.44507156851433755,1.36,403.239,11.024646121761341,2.21,1728.045,0,294
NB-0123-0005-295,0.5,3448.878,91.99888178325695,1.1,17.942,0.47860316803180525,1.36,282.006,7.5225150487112495,2.21,1765.981,0,295
NB-0123-0005-296,0.5,3780.541,91.71179834442653,1.1,20.321,0.4929652804075109,1.36,321.335,7.795236375165961,2.21,1993.54,0,296
NB-0123-0005-297,0.5,2630.697,65.00482094310595,1.1,31.086,0.7681385822226549,1.36,1385.143,34.22704047467139,2.21,1627.042,0,297
NB-0123-0005-298,0.5,2745.991,63.51413332876908,1.1,27.275,0.6308644079831931,1.36,1550.167,35.85500226324775,2.21,1987.265,0,298
NB-0123-0005-299,0.5,3157.535,73.46548986687714,1.1,29.235,0.680202625230806,1.36,1111.214,25.85430750789207,2.21,1955.816,0,299
NB-0123-0005-300,0.5,3103.993,72.71497819482786,1.1,27.223,0.6377333490757868,1.36,1137.496,26.64728845609636,2.21,1960.983,0,300
NB-0123-0005-301,0.5,942.79,22.61163293073423,1.1,29.956,0.7184570011063701,1.36,3196.745,76.6699100681594,2.21,1758.893,0,301
NB-0123-0005-302,0.5,838.894,19.71203631796548,1.1,29.639,0.6964468030861812,1.36,3387.212,79.59151687894834,2.21,1811.725,0,302
NB-0123-0005-303,0.5,1750.814,41.483902488492966,1.1,29.035,0.6879572066212594,1.36,2440.617,57.828140304885764,2.21,1789.222,0,303
NB-0123-0005-304,0.5,1736.464,41.29597616888585,1.1,19.837,0.4717565577300702,1.36,2448.622,58.232267273384075,2.21,1820.943,0,304
NB-0123-0005-305,0.5,419.622,10.25841489396812,1.1,32.579,0.7964522804585731,1.36,3638.314,88.9451328255733,2.21,1702.63,0,305
NB-0123-0005-306,0.5,364.682,9.095967820583843,1.1,31.106,0.7758517695610998,1.36,3613.483,90.12818040985506,2.21,1685.998,0,306
NB-0123-0005-307,0.5,1173.677,29.549711181601218,1.1,19.571,0.49273982325215354,1.36,2778.625,69.95754899514664,2.21,1682.532,0,307
NB-0123-0005-308,0.5,1148.12,29.05747945625674,1.1,18.76,0.47479210761886964,1.36,2784.323,70.46772843612439,2.21,1645.925,0,308
NB-0123-0005-309,0.5,685.132,13.395175185888231,1.1,48.836,0.954804001824521,1.36,4380.799,85.65002081228725,2.21,1777.357,0,309
NB-0123-0005-310,0.5,137.562,3.3732670754449785,1.1,33.163,0.8132162662870692,1.36,3907.28,95.81351665826794,2.21,1703.594,0,310
NB-0123-0005-311,0.5,803.733,21.95122750583171,1.1,17.677,0.482787005909409,1.36,2840.039,77.56598548825889,2.21,1524.652,0,311
NB-0123-0005-312,0.5,825.621,20.47386263964761,1.1,18.39,0.45603773879675963,1.36,3188.55,79.07009962155563,2.21,1659.636,0,312
NB-0123-0005-313,0.5,82.622,1.6792935836968972,1.1,41.661,0.8467605479218179,1.36,4795.762,97.47394586838128,2.21,1966.887,0,313
NB-0123-0005-314,0.5,30.655,0.7591007275035158,1.1,33.245,0.8232361339375102,1.36,3974.431,98.41766313855898,2.21,1681.286,0,314
NB-0123-0005-315,0.5,458.749,12.94198199092832,1.1,14.844,0.41877100696315406,1.36,3071.065,86.63924700210852,2.21,1449.285,0,315
NB-0123-0005-316,0.5,552.528,14.38876498829686,1.1,17.053,0.4440890042593794,1.36,3270.415,85.16714600744375,2.21,1571.967,0,316
NB-0123-0005-317,0.5,0.0,0.0,1.1,40.585,0.8454260751607424,1.36,4759.953,99.15457392483927,2.21,1935.776,0,317
NB-0123-0005-318,0.5,0.0,0.0,1.1,33.57,0.8331645660098639,1.36,3995.646,99.16683543399013,2.21,1673.907,0,318
NB-0123-0005-319,0.5,293.048,7.171129698614731,1.1,16.516,0.4041603358573369,1.36,3776.933,92.42470996552794,2.21,1616.593,0,319
NB-0123-0005-320,0.5,252.971,5.489991228028295,1.1,18.075,0.39226469218452487,1.36,4336.812,94.11774407978719,2.21,1781.562,0,320
NB-0123-0005-321,0.5,3609.215,97.12979578391914,1.1,0.0,0.0,1.36,106.653,2.870204216080873,2.21,1748.319,0,321
NB-0123-0005-322,0.5,3667.627,94.64555659982483,1.1,13.967,0.3604277340715818,1.36,193.524,4.9940156661035875,2.21,1757.875,0,322
NB-0123-0005-323,0.5,2711.261,98.77844935313813,1.1,15.594,0.5681308952597467,1.36,17.935,0.6534197516021262,2.21,1138.701,0,323
NB-0123-0005-324,0.5,4413.188,98.32986716564034,1.1,0.0,0.0,1.36,74.958,1.6701328343596666,2.21,2096.254,0,324
NB-0123-0005-325,0.5,3508.888,87.86539863342281,1.1,15.334,0.3839757845348457,1.36,469.259,11.75062558204233,2.21,1762.861,0,325
NB-0123-0005-326,0.5,3379.725,86.79497102917935,1.1,14.731,0.3783079150613855,1.36,499.462,12.826721055759261,2.21,1725.481,0,326
NB-0123-0005-327,0.5,3259.685,89.39169108950207,1.1,15.782,0.4327963189002991,1.36,371.052,10.175512591597629,2.21,1553.115,0,327
NB-0123-0005-328,0.5,4179.879,90.62936762720678,1.1,18.266,0.39604879210105337,1.36,413.913,8.97458358069218,2.21,676.956,0,328
NB-0123-0005-329,0.5,3051.281,57.42921856025729,1.1,28.002,0.5270353592882219,1.36,2233.833,42.04374608045449,2.21,2165.157,0,329
NB-0123-0005-330,0.5,2428.16,58.69667638675661,1.1,17.576,0.4248701832554832,1.36,1691.057,40.87845342998792,2.21,1709.934,0,330
NB-0123-0005-331,0.5,3296.555,69.97287309575712,1.1,30.172,0.640432672000068,1.36,1384.463,29.38669423224281,2.21,1970.753,0,331
NB-0123-0005-332,0.5,4284.999,69.0070280896515,1.1,37.427,0.6027366728233512,1.36,1887.085,30.390235237525147,2.21,2554.145,0,332
NB-0123-0005-333,0.5,834.953,16.79662825420301,1.1,35.739,0.7189562731997626,1.36,4100.264,82.48441547259723,2.21,1989.116,0,333
NB-0123-0005-334,0.5,685.54,14.26932120917688,1.1,34.465,0.7173792272869287,1.36,4084.288,85.01329956353621,2.21,1934.993,0,334
NB-0123-0005-335,0.5,2047.183,36.768712425223136,1.1,29.008,0.5210021820378894,1.36,3491.54,62.71028539273898,2.21,2192.479,0,335
NB-0123-0005-336,0.5,2343.644,36.47534279813044,1.1,39.889,0.6208131221613118,1.36,4041.75,62.903844079708236,2.21,2439.163,0,336
NB-0123-0005-337,0.5,272.675,6.317623243756344,1.1,34.237,0.7932390831447179,1.36,4009.189,92.88913767309894,2.21,1715.745,0,337
NB-0123-0005-338,0.5,252.283,5.469069924483596,1.1,35.907,0.7784031971176513,1.36,4324.715,93.75252687839874,2.21,1847.562,0,338
NB-0123-0005-339,0.5,1268.402,25.12963017262626,1.1,22.557,0.446900168719326,1.36,3756.477,74.42346965865441,2.21,1956.493,0,339
NB-0123-0005-340,0.5,1453.919,24.710884391317812,1.1,38.986,0.6626081225157081,1.36,4390.814,74.62650748616649,2.21,2238.41,0,340
NB-0123-0005-341,0.5,96.745,2.1669150628426648,1.1,36.043,0.8072987710996762,1.36,4331.854,97.02578616605767,2.21,1823.563,0,341
NB-0123-0005-342,0.5,79.53,1.74925997922795,1.1,36.525,0.8033662861976723,1.36,4430.439,97.4473737345744,2.21,1817.078,0,342
NB-0123-0005-343,0.5,909.255,17.94315804554547,1.1,21.453,0.4233516115403127,1.36,4136.711,81.6334903429142,2.21,1941.235,0,343
NB-0123-0005-344,0.5,750.408,16.47311041454325,1.1,18.401,0.4039425282486465,1.36,3786.542,83.12294705720811,2.21,1736.919,0,344
NB-0123-0005-345,0.5,22.885,0.519299634187048,1.1,36.211,0.8216892747890407,1.36,4347.801,98.6590110910239,2.21,1761.321,0,345
NB-0123-0005-346,0.5,13.806,0.3456036912456827,1.1,31.925,0.7991741158205433,1.36,3949.018,98.85522219293377,2.21,1634.376,0,346
NB-0123-0005-347,0.5,396.579,9.807795607180696,1.1,15.067,0.3726219906081551,1.36,3631.862,89.81958240221114,2.21,1546.061,0,347
NB-0123-0005-348,0.5,527.09,10.98396156978397,1.1,18.692,0.3895202141235878,1.36,4252.942,88.62651821609245,2.21,1824.026,0,348
NB-0123-0005-349,0.5,0.0,0.0,1.1,34.439,0.8064061037629395,1.36,4236.238,99.19359389623705,2.21,1724.16,0,349
NB-0123-0005-350,0.5,0.0,0.0,1.1,32.979,0.8048909959546777,1.36,4064.346,99.19510900404532,2.21,1660.421,0,350
NB-0123-0005-351,0.5,220.124,5.011724243604715,1.1,15.715,0.3577949087253007,1.36,4156.342,94.63048084766999,2.21,1673.943,0,351
NB-0123-0005-352,0.5,151.948,3.697206145496892,1.1,13.74,0.33432235000873517,1.36,3944.118,95.96847150449437,2.21,499.143,0,352
NB-0123-0005-353,0.5,4286.876,91.7845033644586,1.1,11.523,0.24671411822237369,1.36,372.189,7.968782517319017,2.21,1968.291,0,353
NB-0123-0005-354,0.5,5116.578,96.25221250674639,1.1,12.973,0.2440459136653484,1.36,186.252,3.5037415795882576,2.21,2247.433,0,354
NB-0123-0005-355,0.5,3038.708,99.533598192173,1.1,0.0,0.0,1.36,14.239,0.4664018078269947,2.21,1105.413,0,355
NB-0123-0005-356,0.5,5120.173,98.03969362865007,1.1,0.0,0.0,1.36,102.378,1.9603063713499402,2.21,2153.776,0,356
NB-0123-0005-357,0.5,5050.467,85.42088305186513,1.1,22.549,0.3813816607328603,1.36,839.434,14.197735287402011,2.21,2400.948,0,357
NB-0123-0005-358,0.5,4564.921,84.15522363185943,1.1,20.125,0.37100836478685406,1.36,839.36,15.47376800335373,2.21,2209.982,0,358
NB-0123-0005-359,0.5,4414.413,88.7485454561538,1.1,20.767,0.4175053497459223,1.36,538.888,10.83394919410028,2.21,2009.783,0,359
NB-0123-0005-360,0.5,4031.024,85.85027256394113,1.1,20.192,0.43003681040130237,1.36,644.196,13.71969062565756,2.21,1870.036,0,360
NB-0123-0005-361,0.5,3409.652,50.885756235036794,1.1,38.104,0.5686653229068075,1.36,3252.846,48.545578442056396,2.21,2562.041,0,361
NB-0123-0005-362,0.5,4113.585,51.91898105346592,1.1,44.739,0.5646664146604511,1.36,3764.761,47.51635253187363,2.21,3003.287,0,362
NB-0123-0005-363,0.5,3743.797,66.08285021749921,1.1,25.081,0.44271202907238233,1.36,1896.43,33.47443775342841,2.21,2194.105,0,363
NB-0123-0005-364,0.5,3069.298,65.34245895842439,1.1,21.281,0.4530524142961125,1.36,1606.67,34.2044886272795,2.21,1884.753,0,364
NB-0123-0005-365,0.5,728.027,10.96560797748519,1.1,50.243,0.7567645727600602,1.36,5860.915,88.27762744975475,2.21,2497.486,0,365
NB-0123-0005-366,0.5,755.872,9.056892066101106,1.1,64.346,0.7709966461058775,1.36,7525.603,90.17211128779302,2.21,3057.415,0,366
NB-0123-0005-367,0.5,2060.652,31.50322836497081,1.1,28.004,0.4281248882065689,1.36,4452.426,68.06864674682262,2.21,2401.561,0,367
NB-0123-0005-368,0.5,1375.105,31.532408483886222,1.1,18.904,0.43348591560599736,1.36,2966.917,68.03410560050777,2.21,521.87,0,368
NB-0123-0005-369,0.5,243.625,3.655939376459187,1.1,52.864,0.7932994528358686,1.36,6367.325,95.55076117070494,2.21,2515.994,0,369
NB-0123-0005-370,0.5,188.134,2.71222691974672,1.1,54.908,0.7915791707477271,1.36,6693.472,96.49619390950555,2.21,2584.531,0,370
NB-0123-0005-371,0.5,1107.118,20.39232343087942,1.1,21.745,0.40052738100588475,1.36,4300.229,79.20714918811471,2.21,1990.265,0,371
NB-0123-0005-372,0.5,1009.246,20.02765086878776,1.1,20.518,0.4071627140714823,1.36,4009.499,79.56518641714075,2.21,1881.853,0,372
NB-0123-0005-373,0.5,54.282,0.9491592521432233,1.1,45.623,0.7977504985175614,1.36,5619.051,98.25309024933921,2.21,2192.908,0,373
NB-0123-0005-374,0.5,50.64,0.7289661104173488,1.1,55.411,0.7976449673052077,1.36,6840.774,98.47338892227744,2.21,2592.794,0,374
NB-0123-0005-375,0.5,789.208,13.809155279157508,1.1,28.534,0.4992732419533004,1.36,4897.365,85.6915714788892,2.21,2099.146,0,375
NB-0123-0005-376,0.5,683.514,12.590623925858491,1.1,21.273,0.391857873832559,1.36,4723.967,87.01751820030894,2.21,2015.061,0,376
NB-0123-0005-377,0.5,10.371,0.20785087486359222,1.1,39.88,0.7992568594696806,1.36,4939.384,98.99289226566673,2.21,1953.087,0,377
NB-0123-0005-378,0.5,0.0,0.0,1.1,36.087,0.7967028903357358,1.36,4493.456,99.20329710966426,2.21,571.039,0,378
NB-0123-0005-379,0.5,361.43,6.82207655153968,1.1,18.654,0.3520986525535268,1.36,4917.863,92.82582479590677,2.21,1918.234,0,379
NB-0123-0005-380,0.5,428.471,7.875380079435522,1.1,20.227,0.3717761829079268,1.36,4991.941,91.75284373765655,2.21,2008.767,0,380
NB-0123-0005-381,0.5,0.0,0.0,1.1,35.302,0.7775334204796867,1.36,4504.953,99.22246657952032,2.21,1704.423,0,381
NB-0123-0005-382,0.5,0.0,0.0,1.1,36.724,0.7797092162758884,1.36,4673.237,99.22029078372411,2.21,1855.98,0,382
NB-0123-0005-383,0.5,164.546,3.0561831310191834,1.1,19.301,0.3584857159201758,1.36,5200.189,96.58533115306062,2.21,624.006,0,383
NB-0123-0005-384,0.5,99.055,2.2101675068449262,1.1,12.737,0.2841946750258323,1.36,4369.995,97.50563781812923,2.21,1633.477,0,384
NB-0123-0005-385,0.5,4120.608,88.99213140557019,1.1,13.231,0.2857478533816124,1.36,496.467,10.72212074104822,2.21,1740.273,0,385
NB-0123-0005-386,0.5,3643.638,94.52097437874302,1.1,10.09,0.2617484589527052,1.36,201.118,5.217277162304278,2.21,1781.382,0,386
NB-0123-0005-387,0.5,5876.781,97.91974846833277,1.1,0.0,0.0,1.36,124.849,2.0802515316672303,2.21,2566.89,0,387
NB-0123-0005-388,0.5,3641.162,93.76060102995596,1.1,9.396,0.24194875352359121,1.36,232.909,5.997450216520444,2.21,1754.561,0,388
NB-0123-0005-389,0.5,3214.148,82.63013969095077,1.1,14.809,0.38071356349592167,1.36,660.844,16.98914674555331,2.21,1610.318,0,389
NB-0123-0005-390,0.5,3026.889,82.06057957443508,1.1,14.538,0.39413295494256234,1.36,647.176,17.545287470622352,2.21,1719.966,0,390
NB-0123-0005-391,0.5,3112.209,86.32361804808004,1.1,13.488,0.3741178565554253,1.36,479.584,13.30226409536455,2.21,1556.214,0,391
NB-0123-0005-392,0.5,3241.719,87.1548856671825,1.1,14.212,0.3820951893430608,1.36,463.561,12.46301914347443,2.21,1877.57,0,392
NB-0123-0005-393,0.5,1863.672,46.00249651896789,1.1,25.568,0.631115255794459,1.36,2162.001,53.36638822523765,2.21,1653.532,0,393
NB-0123-0005-394,0.5,1964.528,47.7057955462436,1.1,27.425,0.6659774983383951,1.36,2126.054,51.628226955417986,2.21,1825.78,0,394
NB-0123-0005-395,0.5,2404.825,63.172952548275006,1.1,20.136,0.5289576466113192,1.36,1381.771,36.29808980511368,2.21,2005.933,0,395
NB-0123-0005-396,0.5,2358.955,62.27642495349639,1.1,21.82,0.576048119818009,1.36,1407.103,37.1475269266856,2.21,1844.499,0,396
NB-0123-0005-397,0.5,339.291,7.8064240774635,1.1,36.331,0.8359054415187153,1.36,3970.683,91.35767048101778,2.21,1947.73,0,397
NB-0123-0005-398,0.5,263.67,6.156722168309425,1.1,36.116,0.8433123898458801,1.36,3982.85,92.9999654418447,2.21,1921.596,0,398
NB-0123-0005-399,0.5,1098.213,28.12387161407396,1.1,20.688,0.5297939980240282,1.36,2786.013,71.346334387902,2.21,1875.975,0,399
NB-0123-0005-400,0.5,1138.763,28.082664556370478,1.1,21.684,0.5347420826285518,1.36,2894.592,71.38259336100097,2.21,1919.538,0,400
NB-0123-0005-401,0.5,96.526,2.32771640665562,1.1,34.86,0.8406459807307352,1.36,4015.425,96.83163761261365,2.21,1720.886,0,401
NB-0123-0005-402,0.5,68.66,1.687704802584504,1.1,34.27,0.842377564587401,1.36,3965.317,97.4699176328281,2.21,1853.582,0,402
NB-0123-0005-403,0.5,692.277,17.50202886679257,1.1,19.636,0.4964339979926228,1.36,3243.497,82.0015371352148,2.21,1654.625,0,403
NB-0123-0005-404,0.5,709.959,17.17677372527672,1.1,20.589,0.49813101070586085,1.36,3402.702,82.32509526401742,2.21,1940.411,0,404
NB-0123-0005-405,0.5,26.787,0.616745727481137,1.1,36.321,0.836257198187269,1.36,4280.173,98.54699707433159,2.21,1894.227,0,405
NB-0123-0005-406,0.5,21.564,0.5282040743042337,1.1,34.253,0.8390175365026394,1.36,4026.696,98.63277838919313,2.21,1886.289,0,406
NB-0123-0005-407,0.5,483.743,11.56750511069934,1.1,19.368,0.4631373249515233,1.36,3678.802,87.96935756434914,2.21,1967.116,0,407
NB-0123-0005-408,0.5,434.108,10.38597505306535,1.1,19.126,0.45758695731229976,1.36,3726.518,89.15643798962233,2.21,1947.919,0,408
NB-0123-0005-409,0.5,9.735,0.2174309732040614,1.1,37.287,0.8328041805711186,1.36,4430.261,98.94976484622482,2.21,1955.392,0,409
NB-0123-0005-410,0.5,21.165,0.5143726634199499,1.1,34.055,0.8276381314796312,1.36,4059.501,98.65798920510042,2.21,1866.341,0,410
NB-0123-0005-411,0.5,209.265,5.377177118841357,1.1,15.745,0.4045762728414077,1.36,3666.716,94.21824660831723,2.21,1884.923,0,411
NB-0123-0005-412,0.5,265.708,6.287683256074697,1.1,17.979,0.4254529681491222,1.36,3942.162,93.28686377577617,2.21,1935.308,0,412
NB-0123-0005-413,0.5,9.531,0.2298205899572429,1.1,35.828,0.8639190113301961,1.36,4101.789,98.90626039871255,2.21,1835.103,0,413
NB-0123-0005-414,0.5,15.1,0.3827296174934303,1.1,31.99,0.8108291697758168,1.36,3898.254,98.80644121273076,2.21,1873.219,0,414
NB-0123-0005-415,0.5,94.899,2.446412307568568,1.1,14.953,0.3854751181263532,1.36,3769.257,97.16811257430508,2.21,1764.823,0,415
NB-0123-0005-416,0.5,65.947,1.68072859522162,1.1,14.344,0.3655719133525243,1.36,3843.424,97.95369949142585,2.21,1817.528,0,416
NB-0123-0005-417,0.5,3532.889,94.31369083785651,1.1,9.215,0.24600282122389,1.36,203.788,5.440306340919599,2.21,1772.299,0,417
NB-0123-0005-418,0.5,3586.824,93.62992879912876,1.1,9.928,0.2591590591335818,1.36,234.1,6.110912141737661,2.21,1756.229,0,418
NB-0123-0005-419,0.5,3324.361,97.88553112150974,1.1,24.418,0.7189859641973374,1.36,47.393,1.395482914292916,2.21,1737.501,0,419
NB-0123-0005-420,0.5,3358.269,97.12225347224734,1.1,0.0,0.0,1.36,99.506,2.8777465277526737,2.21,1652.395,0,420
NB-0123-0005-421,0.5,2755.595,81.0246538156871,1.1,13.352,0.39259803336377597,1.36,631.987,18.58274815094912,2.21,1654.254,0,421
NB-0123-0005-422,0.5,2593.028,79.45058658902062,1.1,13.425,0.4113430803514662,1.36,657.246,20.13807033062792,2.21,1575.689,0,422
NB-0123-0005-423,0.5,3048.384,84.46907014815693,1.1,13.373,0.37055858943338593,1.36,547.119,15.160371262409681,2.21,1600.099,0,423
NB-0123-0005-424,0.5,3097.275,85.83848886679144,1.1,12.554,0.3479240265180521,1.36,498.43,13.81358710669051,2.21,1708.906,0,424
NB-0123-0005-425,0.5,1369.142,40.496232969092375,1.1,24.891,0.736221469236703,1.36,1986.879,58.76754556167093,2.21,1610.802,0,425
NB-0123-0005-426,0.5,1428.097,41.27913261899463,1.1,24.995,0.7224802795690844,1.36,2006.518,57.9983871014363,2.21,1546.427,0,426
NB-0123-0005-427,0.5,2205.566,59.475156550754484,1.1,19.247,0.5190134133970017,1.36,1483.569,40.00583003584852,2.21,1556.706,0,427
NB-0123-0005-428,0.5,2104.475,57.04399365284855,1.1,20.301,0.5502798157005802,1.36,1564.438,42.40572653145088,2.21,1663.166,0,428
NB-0123-0005-429,0.5,176.775,5.041939869786609,1.1,30.915,0.8817512152422741,1.36,3298.401,94.07630891497112,2.21,1598.988,0,429
NB-0123-0005-430,0.5,124.938,3.4909316471682885,1.1,31.727,0.886494007985627,1.36,3422.265,95.62257434484609,2.21,1570.69,0,430
NB-0123-0005-431,0.5,931.497,23.81783630560773,1.1,21.813,0.5577457182730824,1.36,2957.612,75.62441797611919,2.21,1865.321,0,431
NB-0123-0005-432,0.5,869.092,23.63334717464554,1.1,20.83,0.5664332678794267,1.36,2787.475,75.80021955747502,2.21,1685.158,0,432
NB-0123-0005-433,0.5,38.21,1.0299482869461272,1.1,32.507,0.8762242597162453,1.36,3639.178,98.09382745333762,2.21,1636.902,0,433
NB-0123-0005-434,0.5,28.725,0.8004081593983939,1.1,31.344,0.8733853210855793,1.36,3528.725,98.32620651951602,2.21,1583.062,0,434
NB-0123-0005-435,0.5,543.098,13.936460182532121,1.1,20.074,0.5151197421167999,1.36,3333.786,85.54842007535109,2.21,1844.716,0,435
NB-0123-0005-436,0.5,506.628,13.67018520916979,1.1,19.012,0.5129948624962224,1.36,3180.44,85.81681992833397,2.21,1697.462,0,436
NB-0123-0005-437,0.5,10.52,0.2910381818855844,1.1,31.138,0.8614398201096319,1.36,3572.988,98.84752199800478,2.21,1609.123,0,437
NB-0123-0005-438,0.5,7.892,0.2242199605768352,1.1,30.367,0.8627581782611191,1.36,3481.499,98.91302186116204,2.21,1558.634,0,438
NB-0123-0005-439,0.5,341.274,8.847286737702683,1.1,18.546,0.4807919145244993,1.36,3497.566,90.67192134777282,2.21,1545.697,0,439
NB-0123-0005-440,0.5,279.529,7.822316671055478,1.1,17.052,0.4771817731785897,1.36,3276.9,91.70050155576594,2.21,1654.216,0,440
NB-0123-0005-441,0.5,0.0,0.0,1.1,31.652,0.8528476710915842,1.36,3679.679,99.14715232890842,2.21,1653.901,0,441
NB-0123-0005-442,0.5,0.0,0.0,1.1,29.305,0.8376593103381251,1.36,3469.134,99.16234068966187,2.21,1632.202,0,442
NB-0123-0005-443,0.5,136.447,3.7664199646453893,1.1,15.597,0.43053238391884113,1.36,3470.68,95.80304765143576,2.21,1656.896,0,443
NB-0123-0005-444,0.5,165.176,4.324699086025841,1.1,16.969,0.4442886302536234,1.36,3637.219,95.23101228372055,2.21,1742.925,0,444
NB-0123-0005-445,0.5,7.712,0.2268763782622305,1.1,28.314,0.8329587362703313,1.36,3363.182,98.94016488546744,2.21,1601.439,0,445
NB-0123-0005-446,0.5,0.0,0.0,1.1,28.786,0.8380901583072129,1.36,3405.928,99.16190984169279,2.21,1626.864,0,446
NB-0123-0005-447,0.5,54.75,1.452579834848969,1.1,14.781,0.39215675870141753,1.36,3699.625,98.1552634064496,2.21,1701.317,0,447
NB-0123-0005-448,0.5,33.709,1.0375575582970131,1.1,12.262,0.3774223732486272,1.36,3202.909,98.58502006845436,2.21,1551.042,0,448
NB-0123-0005-449,0.5,3605.445,93.74237055984457,1.1,13.844,0.3599470739480115,1.36,226.832,5.897682366207406,2.21,1862.625,0,449
NB-0123-0005-450,0.5,3660.142,93.69771627077077,1.1,13.591,0.3479224745477212,1.36,232.597,5.954361254681505,2.21,1835.19,0,450
NB-0123-0005-451,0.5,3119.433,98.26564267016118,1.1,20.623,0.6496476599390768,1.36,34.434,1.084709669899732,2.21,1371.118,0,451
NB-0123-0005-452,0.5,3285.375,96.19816140472521,1.1,8.906,0.26077413551587947,1.36,120.935,3.5410644597589145,2.21,1743.489,0,452
NB-0123-0005-453,0.5,2716.809,76.67583906255292,1.1,20.456,0.5773247084589246,1.36,805.975,22.74683622898816,2.21,1725.957,0,453
NB-0123-0005-454,0.5,2632.365,74.36017310636662,1.1,20.525,0.57979898418653,1.36,887.13,25.06002790944684,2.21,1660.272,0,454
NB-0123-0005-455,0.5,2724.166,82.88287027430611,1.1,15.603,0.47472196073587225,1.36,546.997,16.64240776495801,2.21,1579.622,0,455
NB-0123-0005-456,0.5,2913.014,82.42495135310108,1.1,17.102,0.4839082538019847,1.36,604.025,17.09114039309693,2.21,1807.461,0,456
NB-0123-0005-457,0.5,1033.738,30.10842069852347,1.1,28.725,0.8366378952549745,1.36,2370.922,69.05494140622156,2.21,1547.607,0,457
NB-0123-0005-458,0.5,1290.879,32.09412540407333,1.1,33.633,0.8361912462091323,1.36,2697.654,67.06968334971755,2.21,1819.938,0,458
NB-0123-0005-459,0.5,1816.416,51.92114252948408,1.1,21.554,0.616107932368191,1.36,1660.443,47.46274953814772,2.21,1626.639,0,459
NB-0123-0005-460,0.5,1833.625,51.10100029624576,1.1,22.451,0.6256833091013776,1.36,1732.161,48.27331639465286,2.21,1797.388,0,460
NB-0123-0005-461,0.5,50.622,1.293154649003618,1.1,35.93,0.9178429642981313,1.36,3828.061,97.78900238669826,2.21,1739.66,0,461
NB-0123-0005-462,0.5,45.486,1.205449886480574,1.1,34.132,0.9045511921328533,1.36,3693.745,97.88999892138658,2.21,1712.852,0,462
NB-0123-0005-463,0.5,605.408,16.20079948577726,1.1,22.492,0.6018889443715677,1.36,3109.002,83.19731156985117,2.21,1940.096,0,463
NB-0123-0005-464,0.5,605.662,16.22012766418989,1.1,22.557,0.6040950558581046,1.36,3105.796,83.17577727995202,2.21,1838.842,0,464
NB-0123-0005-465,0.5,13.299,0.342265769022207,1.1,33.885,0.8720712522232862,1.36,3838.393,98.7856629787545,2.21,1753.55,0,465
NB-0123-0005-466,0.5,9.77,0.2432667765060566,1.1,35.044,0.8725732769578556,1.36,3971.353,98.88415994653609,2.21,1729.428,0,466
NB-0123-0005-467,0.5,303.419,8.722473393666224,1.1,19.141,0.5502518406169857,1.36,3156.029,90.72727476571679,2.21,1833.18,0,467
NB-0123-0005-468,0.5,325.227,8.270136377263896,1.1,21.422,0.5447360196839351,1.36,3585.898,91.18512760305218,2.21,1698.561,0,468
NB-0123-0005-469,0.5,6.183,0.16279462259056451,1.1,32.44,0.8541254337437996,1.36,3759.414,98.98307994366563,2.21,1668.747,0,469
NB-0123-0005-470,0.5,0.0,0.0,1.1,33.813,0.8555245638502225,1.36,3918.499,99.14447543614978,2.21,1717.995,0,470
NB-0123-0005-471,0.5,179.127,5.215601002315949,1.1,17.307,0.5039240681029779,1.36,3238.012,94.28047492958108,2.21,1579.613,0,471
NB-0123-0005-472,0.5,162.484,4.485123382022187,1.1,17.83,0.4921699976702665,1.36,3442.418,95.02270662030755,2.21,1581.561,0,472
NB-0123-0005-473,0.5,0.0,0.0,1.1,36.049,0.8474584240174263,1.36,4217.729,99.15254157598258,2.21,1866.008,0,473
NB-0123-0005-474,0.5,0.0,0.0,1.1,29.386,0.830917153154437,1.36,3507.188,99.16908284684557,2.21,1583.128,0,474
NB-0123-0005-475,0.5,69.204,1.9693863496403512,1.1,15.267,0.4344636350494082,1.36,3429.517,97.59615001531023,2.21,1710.698,0,475
NB-0123-0005-476,0.5,82.888,2.251748821667731,1.1,16.544,0.4494369812960976,1.36,3581.618,97.29881419703618,2.21,1598.615,0,476
NB-0123-0005-477,0.5,5.987,0.1710883787068553,1.1,28.834,0.8239790064528925,1.36,3464.54,99.00493261484026,2.21,1657.105,0,477
NB-0123-0005-478,0.5,0.0,0.0,1.1,30.163,0.8303009899583762,1.36,3602.616,99.16969901004163,2.21,1719.37,0,478
NB-0123-0005-479,0.5,24.577,0.7041208416560376,1.1,13.814,0.3957653621937789,1.36,3452.061,98.90011379615018,2.21,1444.639,0,479
NB-0123-0005-480,0.5,19.55,0.4943900011329243,1.1,14.911,0.37707669088966933,1.36,3919.907,99.12853330797739,2.21,1671.21,0,480
